,filename,mAP
0,F:\Datasets\TFMTestRemake\OriginalInput\Arucas_frame_01_06_29_000.jpg,1.0
1,F:\Datasets\TFMTestRemake\OriginalInput\Arucas_frame_01_08_02_000.jpg,0.1666666716337204
2,F:\Datasets\TFMTestRemake\OriginalInput\Arucas_frame_01_09_51_000.jpg,1.0
3,F:\Datasets\TFMTestRemake\OriginalInput\Arucas_frame_01_12_08_000.jpg,0.5
4,F:\Datasets\TFMTestRemake\OriginalInput\Arucas_frame_01_14_15_000.jpg,1.0
5,F:\Datasets\TFMTestRemake\OriginalInput\Arucas_frame_01_14_30_000.jpg,1.0
6,F:\Datasets\TFMTestRemake\OriginalInput\Arucas_frame_01_14_35_000.jpg,0.5
7,F:\Datasets\TFMTestRemake\OriginalInput\Arucas_frame_01_16_45_000.jpg,0.0
8,F:\Datasets\TFMTestRemake\OriginalInput\Arucas_frame_01_16_46_000.jpg,1.0
9,F:\Datasets\TFMTestRemake\OriginalInput\Arucas_frame_01_16_47_000.jpg,1.0
10,F:\Datasets\TFMTestRemake\OriginalInput\Arucas_frame_01_16_48_000.jpg,1.0
11,F:\Datasets\TFMTestRemake\OriginalInput\Arucas_frame_01_16_59_000.jpg,0.5
12,F:\Datasets\TFMTestRemake\OriginalInput\Arucas_frame_01_17_12_000.jpg,1.0
13,F:\Datasets\TFMTestRemake\OriginalInput\Arucas_frame_01_18_19_000.jpg,1.0
14,F:\Datasets\TFMTestRemake\OriginalInput\Arucas_frame_01_18_23_000.jpg,1.0
15,F:\Datasets\TFMTestRemake\OriginalInput\Arucas_frame_01_18_34_000.jpg,0.5
16,F:\Datasets\TFMTestRemake\OriginalInput\Arucas_frame_01_18_35_000.jpg,1.0
17,F:\Datasets\TFMTestRemake\OriginalInput\Arucas_frame_01_18_37_000.jpg,0.5555555820465088
18,F:\Datasets\TFMTestRemake\OriginalInput\Arucas_frame_01_18_44_000.jpg,0.8333333134651184
19,F:\Datasets\TFMTestRemake\OriginalInput\Arucas_frame_01_20_44_000.jpg,1.0
20,F:\Datasets\TFMTestRemake\OriginalInput\Arucas_frame_01_21_27_000.jpg,0.5
21,F:\Datasets\TFMTestRemake\OriginalInput\Arucas_frame_01_21_34_000.jpg,1.0
22,F:\Datasets\TFMTestRemake\OriginalInput\Arucas_frame_01_22_05_000.jpg,0.0
23,F:\Datasets\TFMTestRemake\OriginalInput\Arucas_frame_01_23_52_000.jpg,0.0
24,F:\Datasets\TFMTestRemake\OriginalInput\Arucas_frame_01_24_14_000.jpg,1.0
25,F:\Datasets\TFMTestRemake\OriginalInput\Arucas_frame_01_24_22_000.jpg,0.0
26,F:\Datasets\TFMTestRemake\OriginalInput\Arucas_frame_01_24_51_000.jpg,1.0
27,F:\Datasets\TFMTestRemake\OriginalInput\Arucas_frame_01_24_53_000.jpg,1.0
28,F:\Datasets\TFMTestRemake\OriginalInput\Arucas_frame_01_25_08_000.jpg,1.0
29,F:\Datasets\TFMTestRemake\OriginalInput\Arucas_frame_01_26_15_000.jpg,1.0
30,F:\Datasets\TFMTestRemake\OriginalInput\Arucas_frame_01_26_16_000.jpg,1.0
31,F:\Datasets\TFMTestRemake\OriginalInput\Arucas_frame_01_26_17_000.jpg,1.0
32,F:\Datasets\TFMTestRemake\OriginalInput\Arucas_frame_01_27_30_000.jpg,1.0
33,F:\Datasets\TFMTestRemake\OriginalInput\Arucas_frame_01_27_46_000.jpg,1.0
34,F:\Datasets\TFMTestRemake\OriginalInput\Arucas_frame_01_27_49_000.jpg,1.0
35,F:\Datasets\TFMTestRemake\OriginalInput\Arucas_frame_01_27_50_000.jpg,0.5
36,F:\Datasets\TFMTestRemake\OriginalInput\Arucas_frame_01_27_57_000.jpg,1.0
37,F:\Datasets\TFMTestRemake\OriginalInput\Arucas_frame_01_28_04_000.jpg,0.0
38,F:\Datasets\TFMTestRemake\OriginalInput\Arucas_frame_01_28_06_000.jpg,0.3333333432674408
39,F:\Datasets\TFMTestRemake\OriginalInput\Arucas_frame_01_28_10_000.jpg,1.0
40,F:\Datasets\TFMTestRemake\OriginalInput\Arucas_frame_01_29_13_000.jpg,1.0
41,F:\Datasets\TFMTestRemake\OriginalInput\Arucas_frame_01_29_16_000.jpg,1.0
42,F:\Datasets\TFMTestRemake\OriginalInput\Arucas_frame_01_29_30_000.jpg,0.5
43,F:\Datasets\TFMTestRemake\OriginalInput\Arucas_frame_01_29_35_000.jpg,1.0
44,F:\Datasets\TFMTestRemake\OriginalInput\Arucas_frame_01_29_42_000.jpg,1.0
45,F:\Datasets\TFMTestRemake\OriginalInput\Arucas_frame_01_29_55_000.jpg,1.0
46,F:\Datasets\TFMTestRemake\OriginalInput\Arucas_frame_01_29_58_000.jpg,1.0
47,F:\Datasets\TFMTestRemake\OriginalInput\Arucas_frame_01_30_08_000.jpg,1.0
48,F:\Datasets\TFMTestRemake\OriginalInput\Arucas_frame_01_30_12_000.jpg,0.5
49,F:\Datasets\TFMTestRemake\OriginalInput\Arucas_frame_01_30_22_000.jpg,1.0
50,F:\Datasets\TFMTestRemake\OriginalInput\Arucas_frame_01_30_50_000.jpg,1.0
51,F:\Datasets\TFMTestRemake\OriginalInput\Arucas_frame_01_30_53_000.jpg,1.0
52,F:\Datasets\TFMTestRemake\OriginalInput\Arucas_frame_01_30_54_000.jpg,1.0
53,F:\Datasets\TFMTestRemake\OriginalInput\Arucas_frame_01_31_21_000.jpg,1.0
54,F:\Datasets\TFMTestRemake\OriginalInput\Arucas_frame_01_31_32_000.jpg,1.0
55,F:\Datasets\TFMTestRemake\OriginalInput\Arucas_frame_01_31_33_000.jpg,0.5
56,F:\Datasets\TFMTestRemake\OriginalInput\Arucas_frame_01_31_41_000.jpg,1.0
57,F:\Datasets\TFMTestRemake\OriginalInput\Arucas_frame_01_31_51_000.jpg,0.3333333432674408
58,F:\Datasets\TFMTestRemake\OriginalInput\Arucas_frame_01_32_24_000.jpg,1.0
59,F:\Datasets\TFMTestRemake\OriginalInput\Arucas_frame_01_32_26_000.jpg,1.0
60,F:\Datasets\TFMTestRemake\OriginalInput\Arucas_frame_01_32_49_000.jpg,1.0
61,F:\Datasets\TFMTestRemake\OriginalInput\Arucas_frame_01_32_56_000.jpg,0.5555555820465088
62,F:\Datasets\TFMTestRemake\OriginalInput\Arucas_frame_01_33_01_000.jpg,1.0
63,F:\Datasets\TFMTestRemake\OriginalInput\Arucas_frame_01_33_02_000.jpg,0.949999988079071
64,F:\Datasets\TFMTestRemake\OriginalInput\Arucas_frame_01_33_10_000.jpg,1.0
65,F:\Datasets\TFMTestRemake\OriginalInput\Arucas_frame_01_33_53_000.jpg,1.0
66,F:\Datasets\TFMTestRemake\OriginalInput\Arucas_frame_01_33_55_000.jpg,0.6666666865348816
67,F:\Datasets\TFMTestRemake\OriginalInput\Arucas_frame_01_33_57_000.jpg,1.0
68,F:\Datasets\TFMTestRemake\OriginalInput\Arucas_frame_01_34_02_000.jpg,0.3333333432674408
69,F:\Datasets\TFMTestRemake\OriginalInput\Arucas_frame_01_34_16_000.jpg,0.125
70,F:\Datasets\TFMTestRemake\OriginalInput\Arucas_frame_01_34_26_000.jpg,0.8333333134651184
71,F:\Datasets\TFMTestRemake\OriginalInput\Arucas_frame_01_34_28_000.jpg,0.5
72,F:\Datasets\TFMTestRemake\OriginalInput\Arucas_frame_01_34_34_000.jpg,1.0
73,F:\Datasets\TFMTestRemake\OriginalInput\Arucas_frame_01_34_46_000.jpg,0.5
74,F:\Datasets\TFMTestRemake\OriginalInput\Arucas_frame_01_35_30_000.jpg,1.0
75,F:\Datasets\TFMTestRemake\OriginalInput\Arucas_frame_01_35_41_000.jpg,1.0
76,F:\Datasets\TFMTestRemake\OriginalInput\Arucas_frame_01_35_44_000.jpg,1.0
77,F:\Datasets\TFMTestRemake\OriginalInput\Arucas_frame_01_35_53_000.jpg,1.0
78,F:\Datasets\TFMTestRemake\OriginalInput\Arucas_frame_01_36_03_000.jpg,1.0
79,F:\Datasets\TFMTestRemake\OriginalInput\Arucas_frame_01_36_44_000.jpg,0.5
80,F:\Datasets\TFMTestRemake\OriginalInput\Arucas_frame_01_37_00_000.jpg,1.0
81,F:\Datasets\TFMTestRemake\OriginalInput\Arucas_frame_01_37_02_000.jpg,0.6666666865348816
82,F:\Datasets\TFMTestRemake\OriginalInput\Arucas_frame_01_37_03_000.jpg,1.0
83,F:\Datasets\TFMTestRemake\OriginalInput\Arucas_frame_01_37_16_000.jpg,1.0
84,F:\Datasets\TFMTestRemake\OriginalInput\Arucas_frame_01_37_17_000.jpg,1.0
85,F:\Datasets\TFMTestRemake\OriginalInput\Arucas_frame_01_37_19_000.jpg,0.3333333432674408
86,F:\Datasets\TFMTestRemake\OriginalInput\Arucas_frame_01_37_25_000.jpg,1.0
87,F:\Datasets\TFMTestRemake\OriginalInput\Arucas_frame_01_37_31_000.jpg,1.0
88,F:\Datasets\TFMTestRemake\OriginalInput\Arucas_frame_01_37_34_000.jpg,1.0
89,F:\Datasets\TFMTestRemake\OriginalInput\Arucas_frame_01_37_37_000.jpg,1.0
90,F:\Datasets\TFMTestRemake\OriginalInput\Arucas_frame_01_38_11_000.jpg,0.0
91,F:\Datasets\TFMTestRemake\OriginalInput\Arucas_frame_01_38_19_000.jpg,1.0
92,F:\Datasets\TFMTestRemake\OriginalInput\Arucas_frame_01_38_35_000.jpg,0.0
93,F:\Datasets\TFMTestRemake\OriginalInput\Arucas_frame_01_38_36_000.jpg,1.0
94,F:\Datasets\TFMTestRemake\OriginalInput\Arucas_frame_01_38_42_000.jpg,0.5
95,F:\Datasets\TFMTestRemake\OriginalInput\Arucas_frame_01_38_44_000.jpg,1.0
96,F:\Datasets\TFMTestRemake\OriginalInput\Arucas_frame_01_38_46_000.jpg,0.5
97,F:\Datasets\TFMTestRemake\OriginalInput\Arucas_frame_01_38_52_000.jpg,1.0
98,F:\Datasets\TFMTestRemake\OriginalInput\Arucas_frame_01_38_57_000.jpg,1.0
99,F:\Datasets\TFMTestRemake\OriginalInput\Arucas_frame_01_39_02_000.jpg,0.0
100,F:\Datasets\TFMTestRemake\OriginalInput\Arucas_frame_01_39_16_000.jpg,1.0
101,F:\Datasets\TFMTestRemake\OriginalInput\Arucas_frame_01_39_30_000.jpg,0.5
102,F:\Datasets\TFMTestRemake\OriginalInput\Arucas_frame_01_39_44_000.jpg,1.0
103,F:\Datasets\TFMTestRemake\OriginalInput\Arucas_frame_01_39_50_000.jpg,0.0
104,F:\Datasets\TFMTestRemake\OriginalInput\Arucas_frame_01_39_57_000.jpg,1.0
105,F:\Datasets\TFMTestRemake\OriginalInput\Arucas_frame_01_40_16_000.jpg,0.0
106,F:\Datasets\TFMTestRemake\OriginalInput\Arucas_frame_01_40_18_000.jpg,1.0
107,F:\Datasets\TFMTestRemake\OriginalInput\Arucas_frame_01_40_19_000.jpg,0.8333333134651184
108,F:\Datasets\TFMTestRemake\OriginalInput\Arucas_frame_01_40_21_000.jpg,1.0
109,F:\Datasets\TFMTestRemake\OriginalInput\Arucas_frame_01_40_40_000.jpg,0.25
110,F:\Datasets\TFMTestRemake\OriginalInput\Arucas_frame_01_40_42_000.jpg,0.5
111,F:\Datasets\TFMTestRemake\OriginalInput\Arucas_frame_01_40_44_000.jpg,1.0
112,F:\Datasets\TFMTestRemake\OriginalInput\Arucas_frame_01_40_52_000.jpg,1.0
113,F:\Datasets\TFMTestRemake\OriginalInput\Arucas_frame_01_41_00_000.jpg,1.0
114,F:\Datasets\TFMTestRemake\OriginalInput\Arucas_frame_01_41_01_000.jpg,0.3333333432674408
115,F:\Datasets\TFMTestRemake\OriginalInput\Arucas_frame_01_41_13_000.jpg,0.5
116,F:\Datasets\TFMTestRemake\OriginalInput\Arucas_frame_01_41_22_000.jpg,1.0
117,F:\Datasets\TFMTestRemake\OriginalInput\Arucas_frame_01_41_52_000.jpg,1.0
118,F:\Datasets\TFMTestRemake\OriginalInput\Arucas_frame_01_41_55_000.jpg,0.0
119,F:\Datasets\TFMTestRemake\OriginalInput\Arucas_frame_01_41_58_000.jpg,1.0
120,F:\Datasets\TFMTestRemake\OriginalInput\Arucas_frame_01_42_30_000.jpg,1.0
121,F:\Datasets\TFMTestRemake\OriginalInput\Arucas_frame_01_42_31_000.jpg,1.0
122,F:\Datasets\TFMTestRemake\OriginalInput\Arucas_frame_01_42_33_000.jpg,0.25
123,F:\Datasets\TFMTestRemake\OriginalInput\Arucas_frame_01_42_38_000.jpg,0.5
124,F:\Datasets\TFMTestRemake\OriginalInput\Arucas_frame_01_42_47_000.jpg,0.6666666865348816
125,F:\Datasets\TFMTestRemake\OriginalInput\Arucas_frame_01_42_53_000.jpg,1.0
126,F:\Datasets\TFMTestRemake\OriginalInput\Arucas_frame_01_42_55_000.jpg,1.0
127,F:\Datasets\TFMTestRemake\OriginalInput\Arucas_frame_01_43_20_000.jpg,1.0
128,F:\Datasets\TFMTestRemake\OriginalInput\Arucas_frame_01_43_48_000.jpg,1.0
129,F:\Datasets\TFMTestRemake\OriginalInput\Arucas_frame_01_43_49_000.jpg,1.0
130,F:\Datasets\TFMTestRemake\OriginalInput\Arucas_frame_01_43_50_000.jpg,0.0
131,F:\Datasets\TFMTestRemake\OriginalInput\Arucas_frame_01_44_13_000.jpg,1.0
132,F:\Datasets\TFMTestRemake\OriginalInput\Arucas_frame_01_44_35_000.jpg,0.5
133,F:\Datasets\TFMTestRemake\OriginalInput\Arucas_frame_01_44_40_000.jpg,1.0
134,F:\Datasets\TFMTestRemake\OriginalInput\Arucas_frame_01_44_42_000.jpg,1.0
135,F:\Datasets\TFMTestRemake\OriginalInput\Arucas_frame_01_44_45_000.jpg,1.0
136,F:\Datasets\TFMTestRemake\OriginalInput\Arucas_frame_01_44_47_000.jpg,0.6666666865348816
137,F:\Datasets\TFMTestRemake\OriginalInput\Arucas_frame_01_44_49_000.jpg,1.0
138,F:\Datasets\TFMTestRemake\OriginalInput\Arucas_frame_01_44_52_000.jpg,1.0
139,F:\Datasets\TFMTestRemake\OriginalInput\Arucas_frame_01_45_10_000.jpg,1.0
140,F:\Datasets\TFMTestRemake\OriginalInput\Arucas_frame_01_45_15_000.jpg,1.0
141,F:\Datasets\TFMTestRemake\OriginalInput\Arucas_frame_01_45_36_000.jpg,0.5
142,F:\Datasets\TFMTestRemake\OriginalInput\Arucas_frame_01_45_42_000.jpg,1.0
143,F:\Datasets\TFMTestRemake\OriginalInput\Arucas_frame_01_45_48_000.jpg,1.0
144,F:\Datasets\TFMTestRemake\OriginalInput\Arucas_frame_01_45_55_000.jpg,1.0
145,F:\Datasets\TFMTestRemake\OriginalInput\Arucas_frame_01_46_01_000.jpg,1.0
146,F:\Datasets\TFMTestRemake\OriginalInput\Arucas_frame_01_46_03_000.jpg,1.0
147,F:\Datasets\TFMTestRemake\OriginalInput\Arucas_frame_01_46_04_000.jpg,1.0
148,F:\Datasets\TFMTestRemake\OriginalInput\Arucas_frame_01_46_17_000.jpg,1.0
149,F:\Datasets\TFMTestRemake\OriginalInput\Arucas_frame_01_46_50_000.jpg,1.0
150,F:\Datasets\TFMTestRemake\OriginalInput\Arucas_frame_01_46_54_000.jpg,0.5
151,F:\Datasets\TFMTestRemake\OriginalInput\Arucas_frame_01_46_56_000.jpg,1.0
152,F:\Datasets\TFMTestRemake\OriginalInput\Arucas_frame_01_47_04_000.jpg,1.0
153,F:\Datasets\TFMTestRemake\OriginalInput\Arucas_frame_01_47_24_000.jpg,0.3333333432674408
154,F:\Datasets\TFMTestRemake\OriginalInput\Arucas_frame_01_47_39_000.jpg,0.5
155,F:\Datasets\TFMTestRemake\OriginalInput\Arucas_frame_01_47_59_000.jpg,1.0
156,F:\Datasets\TFMTestRemake\OriginalInput\Arucas_frame_01_48_06_000.jpg,1.0
157,F:\Datasets\TFMTestRemake\OriginalInput\Arucas_frame_01_48_08_000.jpg,1.0
158,F:\Datasets\TFMTestRemake\OriginalInput\Arucas_frame_01_48_09_000.jpg,1.0
159,F:\Datasets\TFMTestRemake\OriginalInput\Arucas_frame_01_48_10_000.jpg,1.0
160,F:\Datasets\TFMTestRemake\OriginalInput\Arucas_frame_01_48_22_000.jpg,0.75
161,F:\Datasets\TFMTestRemake\OriginalInput\Arucas_frame_01_48_25_000.jpg,0.5
162,F:\Datasets\TFMTestRemake\OriginalInput\Arucas_frame_01_48_28_000.jpg,1.0
163,F:\Datasets\TFMTestRemake\OriginalInput\Arucas_frame_01_48_48_000.jpg,1.0
164,F:\Datasets\TFMTestRemake\OriginalInput\Arucas_frame_01_49_02_000.jpg,1.0
165,F:\Datasets\TFMTestRemake\OriginalInput\Arucas_frame_01_49_03_000.jpg,1.0
166,F:\Datasets\TFMTestRemake\OriginalInput\Arucas_frame_01_49_04_000.jpg,1.0
167,F:\Datasets\TFMTestRemake\OriginalInput\Arucas_frame_01_49_21_000.jpg,1.0
168,F:\Datasets\TFMTestRemake\OriginalInput\Arucas_frame_01_49_44_000.jpg,1.0
169,F:\Datasets\TFMTestRemake\OriginalInput\Arucas_frame_01_49_46_000.jpg,1.0
170,F:\Datasets\TFMTestRemake\OriginalInput\Arucas_frame_01_49_52_000.jpg,0.6666666865348816
171,F:\Datasets\TFMTestRemake\OriginalInput\Arucas_frame_01_49_55_000.jpg,1.0
172,F:\Datasets\TFMTestRemake\OriginalInput\Arucas_frame_01_49_56_000.jpg,1.0
173,F:\Datasets\TFMTestRemake\OriginalInput\Arucas_frame_01_50_04_000.jpg,1.0
174,F:\Datasets\TFMTestRemake\OriginalInput\Arucas_frame_01_50_35_000.jpg,1.0
175,F:\Datasets\TFMTestRemake\OriginalInput\Arucas_frame_01_50_42_000.jpg,1.0
176,F:\Datasets\TFMTestRemake\OriginalInput\Arucas_frame_01_50_44_000.jpg,0.8333333134651184
177,F:\Datasets\TFMTestRemake\OriginalInput\Arucas_frame_01_50_46_000.jpg,1.0
178,F:\Datasets\TFMTestRemake\OriginalInput\Arucas_frame_01_50_48_000.jpg,0.3333333432674408
179,F:\Datasets\TFMTestRemake\OriginalInput\Arucas_frame_01_50_52_000.jpg,1.0
180,F:\Datasets\TFMTestRemake\OriginalInput\Arucas_frame_01_50_54_000.jpg,0.5
181,F:\Datasets\TFMTestRemake\OriginalInput\Arucas_frame_01_50_55_000.jpg,0.1666666716337204
182,F:\Datasets\TFMTestRemake\OriginalInput\Arucas_frame_01_51_05_000.jpg,1.0
183,F:\Datasets\TFMTestRemake\OriginalInput\Arucas_frame_01_51_06_000.jpg,1.0
184,F:\Datasets\TFMTestRemake\OriginalInput\Arucas_frame_01_51_19_000.jpg,1.0
185,F:\Datasets\TFMTestRemake\OriginalInput\Arucas_frame_01_51_29_000.jpg,1.0
186,F:\Datasets\TFMTestRemake\OriginalInput\Arucas_frame_01_51_30_000.jpg,1.0
187,F:\Datasets\TFMTestRemake\OriginalInput\Arucas_frame_01_51_33_000.jpg,1.0
188,F:\Datasets\TFMTestRemake\OriginalInput\Arucas_frame_01_51_36_000.jpg,1.0
189,F:\Datasets\TFMTestRemake\OriginalInput\Arucas_frame_01_51_42_000.jpg,0.0
190,F:\Datasets\TFMTestRemake\OriginalInput\Arucas_frame_01_51_43_000.jpg,0.5
191,F:\Datasets\TFMTestRemake\OriginalInput\Arucas_frame_01_51_54_000.jpg,0.25
192,F:\Datasets\TFMTestRemake\OriginalInput\Arucas_frame_01_51_55_000.jpg,0.3333333432674408
193,F:\Datasets\TFMTestRemake\OriginalInput\Arucas_frame_01_52_04_000.jpg,1.0
194,F:\Datasets\TFMTestRemake\OriginalInput\Arucas_frame_01_52_14_000.jpg,0.3333333432674408
195,F:\Datasets\TFMTestRemake\OriginalInput\Arucas_frame_01_52_15_000.jpg,0.1666666716337204
196,F:\Datasets\TFMTestRemake\OriginalInput\Arucas_frame_01_52_18_000.jpg,1.0
197,F:\Datasets\TFMTestRemake\OriginalInput\Arucas_frame_01_52_20_000.jpg,1.0
198,F:\Datasets\TFMTestRemake\OriginalInput\Arucas_frame_01_52_26_000.jpg,0.8333333134651184
199,F:\Datasets\TFMTestRemake\OriginalInput\Arucas_frame_01_53_02_000.jpg,1.0
200,F:\Datasets\TFMTestRemake\OriginalInput\Ayagaures_frame_11_22_48_000.jpg,1.0
201,F:\Datasets\TFMTestRemake\OriginalInput\Ayagaures_frame_13_08_30_000.jpg,1.0
202,F:\Datasets\TFMTestRemake\OriginalInput\Ayagaures_frame_13_17_33_000.jpg,0.5
203,F:\Datasets\TFMTestRemake\OriginalInput\Ayagaures_frame_13_19_12_000.jpg,1.0
204,F:\Datasets\TFMTestRemake\OriginalInput\Ayagaures_frame_13_27_03_000.jpg,1.0
205,F:\Datasets\TFMTestRemake\OriginalInput\Ayagaures_frame_13_32_58_000.jpg,0.5
206,F:\Datasets\TFMTestRemake\OriginalInput\Ayagaures_frame_13_33_01_000.jpg,1.0
207,F:\Datasets\TFMTestRemake\OriginalInput\Ayagaures_frame_13_47_16_000.jpg,1.0
208,F:\Datasets\TFMTestRemake\OriginalInput\Ayagaures_frame_14_23_07_000.jpg,0.0
209,F:\Datasets\TFMTestRemake\OriginalInput\Ayagaures_frame_15_10_55_000.jpg,1.0
210,F:\Datasets\TFMTestRemake\OriginalInput\Ayagaures_frame_15_23_43_000.jpg,1.0
211,F:\Datasets\TFMTestRemake\OriginalInput\Ayagaures_frame_15_43_41_000.jpg,1.0
212,F:\Datasets\TFMTestRemake\OriginalInput\Ayagaures_frame_15_43_42_000.jpg,1.0
213,F:\Datasets\TFMTestRemake\OriginalInput\Ayagaures_frame_16_00_09_000.jpg,0.0
214,F:\Datasets\TFMTestRemake\OriginalInput\Ayagaures_frame_16_08_43_000.jpg,1.0
215,F:\Datasets\TFMTestRemake\OriginalInput\Ayagaures_frame_16_10_18_000.jpg,1.0
216,F:\Datasets\TFMTestRemake\OriginalInput\Ayagaures_frame_16_14_38_000.jpg,1.0
217,F:\Datasets\TFMTestRemake\OriginalInput\Ayagaures_frame_16_15_31_000.jpg,0.25
218,F:\Datasets\TFMTestRemake\OriginalInput\Ayagaures_frame_16_16_50_000.jpg,1.0
219,F:\Datasets\TFMTestRemake\OriginalInput\Ayagaures_frame_16_18_41_000.jpg,1.0
220,F:\Datasets\TFMTestRemake\OriginalInput\Ayagaures_frame_16_50_55_000.jpg,1.0
221,F:\Datasets\TFMTestRemake\OriginalInput\Ayagaures_frame_17_11_00_000.jpg,1.0
222,F:\Datasets\TFMTestRemake\OriginalInput\Ayagaures_frame_17_33_15_000.jpg,1.0
223,F:\Datasets\TFMTestRemake\OriginalInput\Ayagaures_frame_17_40_28_000.jpg,1.0
224,F:\Datasets\TFMTestRemake\OriginalInput\Ayagaures_frame_17_42_28_000.jpg,1.0
225,F:\Datasets\TFMTestRemake\OriginalInput\Ayagaures_frame_17_56_06_000.jpg,1.0
226,F:\Datasets\TFMTestRemake\OriginalInput\Ayagaures_frame_17_57_17_000.jpg,1.0
227,F:\Datasets\TFMTestRemake\OriginalInput\Ayagaures_frame_17_58_19_000.jpg,0.5
228,F:\Datasets\TFMTestRemake\OriginalInput\Ayagaures_frame_17_58_22_000.jpg,1.0
229,F:\Datasets\TFMTestRemake\OriginalInput\Ayagaures_frame_18_06_49_000.jpg,1.0
230,F:\Datasets\TFMTestRemake\OriginalInput\Ayagaures_frame_18_11_31_000.jpg,1.0
231,F:\Datasets\TFMTestRemake\OriginalInput\Ayagaures_frame_18_15_05_000.jpg,1.0
232,F:\Datasets\TFMTestRemake\OriginalInput\Ayagaures_frame_18_15_19_000.jpg,1.0
233,F:\Datasets\TFMTestRemake\OriginalInput\Ayagaures_frame_18_15_22_000.jpg,1.0
234,F:\Datasets\TFMTestRemake\OriginalInput\Ayagaures_frame_18_25_52_000.jpg,0.5
235,F:\Datasets\TFMTestRemake\OriginalInput\Ayagaures_frame_18_30_54_000.jpg,1.0
236,F:\Datasets\TFMTestRemake\OriginalInput\Ayagaures_frame_18_34_26_000.jpg,1.0
237,F:\Datasets\TFMTestRemake\OriginalInput\Ayagaures_frame_18_38_43_000.jpg,1.0
238,F:\Datasets\TFMTestRemake\OriginalInput\Ayagaures_frame_18_45_40_000.jpg,1.0
239,F:\Datasets\TFMTestRemake\OriginalInput\Ayagaures_frame_18_49_18_000.jpg,1.0
240,F:\Datasets\TFMTestRemake\OriginalInput\ParqueSur_frame_12_40_17_000.jpg,1.0
241,F:\Datasets\TFMTestRemake\OriginalInput\ParqueSur_frame_14_50_14_000.jpg,1.0
242,F:\Datasets\TFMTestRemake\OriginalInput\ParqueSur_frame_14_57_58_000.jpg,1.0
243,F:\Datasets\TFMTestRemake\OriginalInput\ParqueSur_frame_15_04_54_000.jpg,1.0
244,F:\Datasets\TFMTestRemake\OriginalInput\ParqueSur_frame_15_23_47_000.jpg,0.5
245,F:\Datasets\TFMTestRemake\OriginalInput\ParqueSur_frame_15_44_33_000.jpg,0.0
246,F:\Datasets\TFMTestRemake\OriginalInput\ParqueSur_frame_15_53_55_000.jpg,1.0
247,F:\Datasets\TFMTestRemake\OriginalInput\ParqueSur_frame_15_53_56_000.jpg,1.0
248,F:\Datasets\TFMTestRemake\OriginalInput\ParqueSur_frame_16_03_39_000.jpg,1.0
249,F:\Datasets\TFMTestRemake\OriginalInput\ParqueSur_frame_16_33_16_000.jpg,0.5
250,F:\Datasets\TFMTestRemake\OriginalInput\ParqueSur_frame_16_33_18_000.jpg,1.0
251,F:\Datasets\TFMTestRemake\OriginalInput\ParqueSur_frame_16_39_32_000.jpg,0.5
252,F:\Datasets\TFMTestRemake\OriginalInput\ParqueSur_frame_16_39_33_000.jpg,0.5
253,F:\Datasets\TFMTestRemake\OriginalInput\ParqueSur_frame_17_03_16_000.jpg,1.0
254,F:\Datasets\TFMTestRemake\OriginalInput\ParqueSur_frame_17_12_39_000.jpg,1.0
255,F:\Datasets\TFMTestRemake\OriginalInput\ParqueSur_frame_17_34_00_000.jpg,1.0
256,F:\Datasets\TFMTestRemake\OriginalInput\ParqueSur_frame_17_59_10_000.jpg,1.0
257,F:\Datasets\TFMTestRemake\OriginalInput\ParqueSur_frame_18_00_07_000.jpg,1.0
258,F:\Datasets\TFMTestRemake\OriginalInput\ParqueSur_frame_18_11_09_000.jpg,1.0
259,F:\Datasets\TFMTestRemake\OriginalInput\ParqueSur_frame_18_15_39_000.jpg,1.0
260,F:\Datasets\TFMTestRemake\OriginalInput\ParqueSur_frame_18_29_35_000.jpg,1.0
261,F:\Datasets\TFMTestRemake\OriginalInput\ParqueSur_frame_18_46_02_000.jpg,1.0
262,F:\Datasets\TFMTestRemake\OriginalInput\ParqueSur_frame_18_47_09_000.jpg,0.5
263,F:\Datasets\TFMTestRemake\OriginalInput\ParqueSur_frame_18_47_49_000.jpg,0.0
264,F:\Datasets\TFMTestRemake\OriginalInput\ParqueSur_frame_19_14_25_000.jpg,1.0
265,F:\Datasets\TFMTestRemake\OriginalInput\ParqueSur_frame_19_17_44_000.jpg,1.0
266,F:\Datasets\TFMTestRemake\OriginalInput\ParqueSur_frame_19_21_44_000.jpg,1.0
267,F:\Datasets\TFMTestRemake\OriginalInput\ParqueSur_frame_19_22_16_000.jpg,1.0
268,F:\Datasets\TFMTestRemake\OriginalInput\ParqueSur_frame_19_23_24_000.jpg,1.0
269,F:\Datasets\TFMTestRemake\OriginalInput\ParqueSur_frame_19_27_58_000.jpg,0.0
270,F:\Datasets\TFMTestRemake\OriginalInput\ParqueSur_frame_19_32_15_000.jpg,0.0
271,F:\Datasets\TFMTestRemake\OriginalInput\ParqueSur_frame_19_34_52_000.jpg,1.0
272,F:\Datasets\TFMTestRemake\OriginalInput\ParqueSur_frame_19_34_54_000.jpg,1.0
273,F:\Datasets\TFMTestRemake\OriginalInput\ParqueSur_frame_19_41_31_000.jpg,0.0
274,F:\Datasets\TFMTestRemake\OriginalInput\ParqueSur_frame_19_42_08_000.jpg,0.0
275,F:\Datasets\TFMTestRemake\OriginalInput\ParqueSur_frame_19_57_12_000.jpg,0.0
276,F:\Datasets\TFMTestRemake\OriginalInput\ParqueSur_frame_19_57_13_000.jpg,1.0
277,F:\Datasets\TFMTestRemake\OriginalInput\ParqueSur_frame_20_17_35_000.jpg,0.0
278,F:\Datasets\TFMTestRemake\OriginalInput\ParqueSur_frame_20_17_38_000.jpg,1.0
279,F:\Datasets\TFMTestRemake\OriginalInput\ParqueSur_frame_20_20_43_000.jpg,1.0
280,F:\Datasets\TFMTestRemake\OriginalInput\ParqueSur_frame_20_23_07_000.jpg,1.0
281,F:\Datasets\TFMTestRemake\OriginalInput\ParqueSur_frame_20_23_52_000.jpg,1.0
282,F:\Datasets\TFMTestRemake\OriginalInput\PresaDeHornos_frame_07_52_13_000.jpg,0.5
283,F:\Datasets\TFMTestRemake\OriginalInput\PresaDeHornos_frame_07_53_54_000.jpg,1.0
284,F:\Datasets\TFMTestRemake\OriginalInput\PresaDeHornos_frame_09_03_47_000.jpg,1.0
285,F:\Datasets\TFMTestRemake\OriginalInput\PresaDeHornos_frame_09_59_20_000.jpg,1.0
286,F:\Datasets\TFMTestRemake\OriginalInput\PresaDeHornos_frame_09_59_21_000.jpg,1.0
287,F:\Datasets\TFMTestRemake\OriginalInput\PresaDeHornos_frame_10_01_01_000.jpg,1.0
288,F:\Datasets\TFMTestRemake\OriginalInput\PresaDeHornos_frame_10_01_03_000.jpg,1.0
289,F:\Datasets\TFMTestRemake\OriginalInput\PresaDeHornos_frame_10_01_24_000.jpg,1.0
290,F:\Datasets\TFMTestRemake\OriginalInput\PresaDeHornos_frame_10_01_25_000.jpg,1.0
291,F:\Datasets\TFMTestRemake\OriginalInput\PresaDeHornos_frame_10_05_38_000.jpg,1.0
292,F:\Datasets\TFMTestRemake\OriginalInput\PresaDeHornos_frame_10_21_29_000.jpg,1.0
293,F:\Datasets\TFMTestRemake\OriginalInput\PresaDeHornos_frame_10_24_58_000.jpg,1.0
294,F:\Datasets\TFMTestRemake\OriginalInput\PresaDeHornos_frame_10_38_51_000.jpg,1.0
295,F:\Datasets\TFMTestRemake\OriginalInput\PresaDeHornos_frame_10_47_33_000.jpg,1.0
296,F:\Datasets\TFMTestRemake\OriginalInput\PresaDeHornos_frame_10_54_19_000.jpg,1.0
297,F:\Datasets\TFMTestRemake\OriginalInput\PresaDeHornos_frame_11_04_16_000.jpg,1.0
298,F:\Datasets\TFMTestRemake\OriginalInput\PresaDeHornos_frame_11_04_17_000.jpg,1.0
299,F:\Datasets\TFMTestRemake\OriginalInput\PresaDeHornos_frame_11_04_37_000.jpg,1.0
300,F:\Datasets\TFMTestRemake\OriginalInput\PresaDeHornos_frame_11_08_58_000.jpg,1.0
301,F:\Datasets\TFMTestRemake\OriginalInput\PresaDeHornos_frame_11_12_35_000.jpg,1.0
302,F:\Datasets\TFMTestRemake\OriginalInput\PresaDeHornos_frame_11_15_45_000.jpg,1.0
303,F:\Datasets\TFMTestRemake\OriginalInput\PresaDeHornos_frame_11_36_46_000.jpg,1.0
304,F:\Datasets\TFMTestRemake\OriginalInput\PresaDeHornos_frame_11_39_40_000.jpg,1.0
305,F:\Datasets\TFMTestRemake\OriginalInput\PresaDeHornos_frame_11_54_42_000.jpg,1.0
306,F:\Datasets\TFMTestRemake\OriginalInput\PresaDeHornos_frame_11_54_51_000.jpg,1.0
307,F:\Datasets\TFMTestRemake\OriginalInput\PresaDeHornos_frame_11_56_17_000.jpg,1.0
308,F:\Datasets\TFMTestRemake\OriginalInput\PresaDeHornos_frame_11_58_43_000.jpg,1.0
309,F:\Datasets\TFMTestRemake\OriginalInput\PresaDeHornos_frame_12_01_32_000.jpg,0.0
310,F:\Datasets\TFMTestRemake\OriginalInput\PresaDeHornos_frame_12_09_50_000.jpg,1.0
311,F:\Datasets\TFMTestRemake\OriginalInput\PresaDeHornos_frame_12_10_00_000.jpg,1.0
312,F:\Datasets\TFMTestRemake\OriginalInput\PresaDeHornos_frame_12_17_33_000.jpg,0.0
313,F:\Datasets\TFMTestRemake\OriginalInput\PresaDeHornos_frame_12_22_20_000.jpg,1.0
314,F:\Datasets\TFMTestRemake\OriginalInput\PresaDeHornos_frame_12_22_49_000.jpg,1.0
315,F:\Datasets\TFMTestRemake\OriginalInput\PresaDeHornos_frame_12_23_39_000.jpg,1.0
316,F:\Datasets\TFMTestRemake\OriginalInput\PresaDeHornos_frame_12_30_43_000.jpg,0.0
317,F:\Datasets\TFMTestRemake\OriginalInput\PresaDeHornos_frame_12_36_57_000.jpg,1.0
318,F:\Datasets\TFMTestRemake\OriginalInput\PresaDeHornos_frame_12_39_20_000.jpg,0.0
319,F:\Datasets\TFMTestRemake\OriginalInput\PresaDeHornos_frame_12_40_01_000.jpg,0.6666666865348816
320,F:\Datasets\TFMTestRemake\OriginalInput\PresaDeHornos_frame_12_40_59_000.jpg,1.0
321,F:\Datasets\TFMTestRemake\OriginalInput\PresaDeHornos_frame_12_41_00_000.jpg,1.0
322,F:\Datasets\TFMTestRemake\OriginalInput\PresaDeHornos_frame_12_44_16_000.jpg,1.0
323,F:\Datasets\TFMTestRemake\OriginalInput\PresaDeHornos_frame_12_47_07_000.jpg,1.0
324,F:\Datasets\TFMTestRemake\OriginalInput\PresaDeHornos_frame_12_52_46_000.jpg,1.0
325,F:\Datasets\TFMTestRemake\OriginalInput\PresaDeHornos_frame_12_55_13_000.jpg,0.5
326,F:\Datasets\TFMTestRemake\OriginalInput\PresaDeHornos_frame_12_58_41_000.jpg,1.0
327,F:\Datasets\TFMTestRemake\OriginalInput\PresaDeHornos_frame_12_58_42_000.jpg,1.0
328,F:\Datasets\TFMTestRemake\OriginalInput\PresaDeHornos_frame_12_58_43_000.jpg,1.0
329,F:\Datasets\TFMTestRemake\OriginalInput\PresaDeHornos_frame_13_00_38_000.jpg,0.1666666716337204
330,F:\Datasets\TFMTestRemake\OriginalInput\PresaDeHornos_frame_13_06_10_000.jpg,1.0
331,F:\Datasets\TFMTestRemake\OriginalInput\PresaDeHornos_frame_13_08_23_000.jpg,0.0
332,F:\Datasets\TFMTestRemake\OriginalInput\PresaDeHornos_frame_13_12_54_000.jpg,1.0
333,F:\Datasets\TFMTestRemake\OriginalInput\PresaDeHornos_frame_13_16_11_000.jpg,1.0
334,F:\Datasets\TFMTestRemake\OriginalInput\PresaDeHornos_frame_13_16_12_000.jpg,1.0
335,F:\Datasets\TFMTestRemake\OriginalInput\PresaDeHornos_frame_13_20_22_000.jpg,1.0
336,F:\Datasets\TFMTestRemake\OriginalInput\PresaDeHornos_frame_13_20_23_000.jpg,0.5
337,F:\Datasets\TFMTestRemake\OriginalInput\PresaDeHornos_frame_13_28_11_000.jpg,0.5
338,F:\Datasets\TFMTestRemake\OriginalInput\PresaDeHornos_frame_13_28_15_000.jpg,1.0
339,F:\Datasets\TFMTestRemake\OriginalInput\PresaDeHornos_frame_13_29_54_000.jpg,1.0
340,F:\Datasets\TFMTestRemake\OriginalInput\PresaDeHornos_frame_13_33_41_000.jpg,1.0
341,F:\Datasets\TFMTestRemake\OriginalInput\PresaDeHornos_frame_13_34_11_000.jpg,1.0
342,F:\Datasets\TFMTestRemake\OriginalInput\PresaDeHornos_frame_13_37_47_000.jpg,1.0
343,F:\Datasets\TFMTestRemake\OriginalInput\PresaDeHornos_frame_13_40_31_000.jpg,1.0
344,F:\Datasets\TFMTestRemake\OriginalInput\PresaDeHornos_frame_13_40_41_000.jpg,0.3333333432674408
345,F:\Datasets\TFMTestRemake\OriginalInput\PresaDeHornos_frame_13_40_43_000.jpg,1.0
346,F:\Datasets\TFMTestRemake\OriginalInput\PresaDeHornos_frame_13_40_44_000.jpg,0.5
347,F:\Datasets\TFMTestRemake\OriginalInput\PresaDeHornos_frame_13_41_34_000.jpg,1.0
348,F:\Datasets\TFMTestRemake\OriginalInput\PresaDeHornos_frame_13_42_11_000.jpg,0.0
349,F:\Datasets\TFMTestRemake\OriginalInput\PresaDeHornos_frame_13_43_18_000.jpg,1.0
350,F:\Datasets\TFMTestRemake\OriginalInput\PresaDeHornos_frame_13_44_23_000.jpg,1.0
351,F:\Datasets\TFMTestRemake\OriginalInput\PresaDeHornos_frame_13_44_25_000.jpg,1.0
352,F:\Datasets\TFMTestRemake\OriginalInput\PresaDeHornos_frame_13_48_32_000.jpg,0.0
353,F:\Datasets\TFMTestRemake\OriginalInput\PresaDeHornos_frame_13_48_33_000.jpg,0.0
354,F:\Datasets\TFMTestRemake\OriginalInput\PresaDeHornos_frame_13_48_41_000.jpg,0.5
355,F:\Datasets\TFMTestRemake\OriginalInput\PresaDeHornos_frame_14_05_43_000.jpg,1.0
356,F:\Datasets\TFMTestRemake\OriginalInput\PresaDeHornos_frame_14_07_32_000.jpg,0.0
357,F:\Datasets\TFMTestRemake\OriginalInput\Teror_frame_01_17_23_000.jpg,1.0
358,F:\Datasets\TFMTestRemake\OriginalInput\Teror_frame_01_20_03_000.jpg,1.0
359,F:\Datasets\TFMTestRemake\OriginalInput\Teror_frame_01_27_32_000.jpg,1.0
360,F:\Datasets\TFMTestRemake\OriginalInput\Teror_frame_01_27_55_000.jpg,0.0
361,F:\Datasets\TFMTestRemake\OriginalInput\Teror_frame_01_30_58_000.jpg,1.0
362,F:\Datasets\TFMTestRemake\OriginalInput\Teror_frame_01_32_44_000.jpg,1.0
363,F:\Datasets\TFMTestRemake\OriginalInput\Teror_frame_01_34_07_000.jpg,1.0
364,F:\Datasets\TFMTestRemake\OriginalInput\Teror_frame_01_41_19_000.jpg,0.5
365,F:\Datasets\TFMTestRemake\OriginalInput\Teror_frame_01_45_40_000.jpg,0.0
366,F:\Datasets\TFMTestRemake\OriginalInput\Teror_frame_01_50_16_000.jpg,1.0
367,F:\Datasets\TFMTestRemake\OriginalInput\Teror_frame_01_54_25_000.jpg,1.0
368,F:\Datasets\TFMTestRemake\OriginalInput\Teror_frame_02_00_58_000.jpg,1.0
369,F:\Datasets\TFMTestRemake\OriginalInput\Teror_frame_02_03_44_000.jpg,0.0
370,F:\Datasets\TFMTestRemake\OriginalInput\Teror_frame_02_04_06_000.jpg,1.0
371,F:\Datasets\TFMTestRemake\OriginalInput\Teror_frame_02_04_18_000.jpg,1.0
372,F:\Datasets\TFMTestRemake\OriginalInput\Teror_frame_02_04_19_000.jpg,1.0
373,F:\Datasets\TFMTestRemake\OriginalInput\Teror_frame_02_04_48_000.jpg,1.0
374,F:\Datasets\TFMTestRemake\OriginalInput\Teror_frame_02_06_47_000.jpg,1.0
375,F:\Datasets\TFMTestRemake\OriginalInput\Teror_frame_02_06_48_000.jpg,1.0
376,F:\Datasets\TFMTestRemake\OriginalInput\Teror_frame_02_07_55_000.jpg,1.0
377,F:\Datasets\TFMTestRemake\OriginalInput\Teror_frame_02_08_18_000.jpg,1.0
378,F:\Datasets\TFMTestRemake\OriginalInput\Teror_frame_02_08_22_000.jpg,0.5
379,F:\Datasets\TFMTestRemake\OriginalInput\Teror_frame_02_08_39_000.jpg,1.0
380,F:\Datasets\TFMTestRemake\OriginalInput\Teror_frame_02_09_23_000.jpg,1.0
381,F:\Datasets\TFMTestRemake\OriginalInput\Teror_frame_02_10_10_000.jpg,1.0
382,F:\Datasets\TFMTestRemake\OriginalInput\Teror_frame_02_11_02_000.jpg,1.0
383,F:\Datasets\TFMTestRemake\OriginalInput\Teror_frame_02_11_17_000.jpg,1.0
384,F:\Datasets\TFMTestRemake\OriginalInput\Teror_frame_02_11_23_000.jpg,1.0
385,F:\Datasets\TFMTestRemake\OriginalInput\Teror_frame_02_12_30_000.jpg,0.5
386,F:\Datasets\TFMTestRemake\OriginalInput\Teror_frame_02_12_59_000.jpg,1.0
387,F:\Datasets\TFMTestRemake\OriginalInput\Teror_frame_02_13_00_000.jpg,1.0
388,F:\Datasets\TFMTestRemake\OriginalInput\Teror_frame_02_13_48_000.jpg,1.0
389,F:\Datasets\TFMTestRemake\OriginalInput\Teror_frame_02_14_38_000.jpg,1.0
390,F:\Datasets\TFMTestRemake\OriginalInput\Teror_frame_02_15_10_000.jpg,0.0
391,F:\Datasets\TFMTestRemake\OriginalInput\Teror_frame_02_15_11_000.jpg,1.0
392,F:\Datasets\TFMTestRemake\OriginalInput\Teror_frame_02_15_17_000.jpg,1.0
393,F:\Datasets\TFMTestRemake\OriginalInput\Teror_frame_02_17_43_000.jpg,0.5
394,F:\Datasets\TFMTestRemake\OriginalInput\Teror_frame_02_18_06_000.jpg,1.0
395,F:\Datasets\TFMTestRemake\OriginalInput\Teror_frame_02_18_34_000.jpg,1.0
396,F:\Datasets\TFMTestRemake\OriginalInput\Teror_frame_02_18_35_000.jpg,1.0
397,F:\Datasets\TFMTestRemake\OriginalInput\Teror_frame_02_18_49_000.jpg,1.0
398,F:\Datasets\TFMTestRemake\OriginalInput\Teror_frame_02_20_52_000.jpg,1.0
399,F:\Datasets\TFMTestRemake\OriginalInput\Teror_frame_02_20_56_000.jpg,1.0
400,F:\Datasets\TFMTestRemake\OriginalInput\Teror_frame_02_21_06_000.jpg,1.0
401,F:\Datasets\TFMTestRemake\OriginalInput\Teror_frame_02_22_51_000.jpg,0.0
402,F:\Datasets\TFMTestRemake\OriginalInput\Teror_frame_02_22_52_000.jpg,1.0
403,F:\Datasets\TFMTestRemake\OriginalInput\Teror_frame_02_23_49_000.jpg,1.0
404,F:\Datasets\TFMTestRemake\OriginalInput\Teror_frame_02_25_33_000.jpg,0.5
405,F:\Datasets\TFMTestRemake\OriginalInput\Teror_frame_02_25_34_000.jpg,0.5
406,F:\Datasets\TFMTestRemake\OriginalInput\Teror_frame_02_25_35_000.jpg,1.0
407,F:\Datasets\TFMTestRemake\OriginalInput\Teror_frame_02_26_07_000.jpg,1.0
408,F:\Datasets\TFMTestRemake\OriginalInput\Teror_frame_02_28_44_000.jpg,1.0
409,F:\Datasets\TFMTestRemake\OriginalInput\Teror_frame_02_29_08_000.jpg,1.0
410,F:\Datasets\TFMTestRemake\OriginalInput\Teror_frame_02_30_20_000.jpg,1.0
411,F:\Datasets\TFMTestRemake\OriginalInput\Teror_frame_02_30_21_000.jpg,1.0
412,F:\Datasets\TFMTestRemake\OriginalInput\Teror_frame_02_33_22_000.jpg,1.0
413,F:\Datasets\TFMTestRemake\OriginalInput\Teror_frame_02_33_27_000.jpg,1.0
414,F:\Datasets\TFMTestRemake\OriginalInput\Teror_frame_02_33_29_000.jpg,1.0
415,F:\Datasets\TFMTestRemake\OriginalInput\Teror_frame_02_35_15_000.jpg,1.0
416,F:\Datasets\TFMTestRemake\OriginalInput\Teror_frame_02_35_46_000.jpg,1.0
417,F:\Datasets\TFMTestRemake\OriginalInput\Teror_frame_02_37_14_000.jpg,1.0
418,F:\Datasets\TFMTestRemake\OriginalInput\Teror_frame_02_37_15_000.jpg,1.0
419,F:\Datasets\TFMTestRemake\OriginalInput\Teror_frame_02_38_14_000.jpg,1.0
420,F:\Datasets\TFMTestRemake\OriginalInput\Teror_frame_02_38_17_000.jpg,1.0
421,F:\Datasets\TFMTestRemake\OriginalInput\Teror_frame_02_39_30_000.jpg,1.0
422,F:\Datasets\TFMTestRemake\OriginalInput\Teror_frame_02_39_31_000.jpg,1.0
423,F:\Datasets\TFMTestRemake\OriginalInput\Teror_frame_02_39_55_000.jpg,1.0
424,F:\Datasets\TFMTestRemake\OriginalInput\Teror_frame_02_39_56_000.jpg,1.0
425,F:\Datasets\TFMTestRemake\OriginalInput\Teror_frame_02_40_40_000.jpg,0.0
426,F:\Datasets\TFMTestRemake\OriginalInput\Teror_frame_02_40_41_000.jpg,1.0
427,F:\Datasets\TFMTestRemake\OriginalInput\Teror_frame_02_40_48_000.jpg,0.0
428,F:\Datasets\TFMTestRemake\OriginalInput\Teror_frame_02_40_51_000.jpg,1.0
429,F:\Datasets\TFMTestRemake\OriginalInput\Teror_frame_02_42_19_000.jpg,0.5
430,F:\Datasets\TFMTestRemake\OriginalInput\Teror_frame_02_42_59_000.jpg,1.0
431,F:\Datasets\TFMTestRemake\OriginalInput\Teror_frame_02_43_41_000.jpg,1.0
432,F:\Datasets\TFMTestRemake\OriginalInput\Teror_frame_02_43_48_000.jpg,0.5
433,F:\Datasets\TFMTestRemake\OriginalInput\Teror_frame_02_46_38_000.jpg,0.5
434,F:\Datasets\TFMTestRemake\OriginalInput\Teror_frame_02_46_40_000.jpg,1.0
435,F:\Datasets\TFMTestRemake\OriginalInput\Teror_frame_02_46_56_000.jpg,1.0
436,F:\Datasets\TFMTestRemake\OriginalInput\Teror_frame_02_47_23_000.jpg,1.0
437,F:\Datasets\TFMTestRemake\OriginalInput\Teror_frame_02_47_28_000.jpg,1.0
438,F:\Datasets\TFMTestRemake\OriginalInput\Teror_frame_02_47_33_000.jpg,1.0
439,F:\Datasets\TFMTestRemake\OriginalInput\Teror_frame_02_47_41_000.jpg,1.0
440,F:\Datasets\TFMTestRemake\OriginalInput\Teror_frame_02_48_10_000.jpg,1.0
441,F:\Datasets\TFMTestRemake\OriginalInput\Teror_frame_02_48_12_000.jpg,0.5
442,F:\Datasets\TFMTestRemake\OriginalInput\Teror_frame_02_48_15_000.jpg,1.0
443,F:\Datasets\TFMTestRemake\OriginalInput\Teror_frame_02_48_46_000.jpg,1.0
444,F:\Datasets\TFMTestRemake\OriginalInput\Teror_frame_02_49_17_000.jpg,1.0
445,F:\Datasets\TFMTestRemake\OriginalInput\Teror_frame_02_49_30_000.jpg,1.0
446,F:\Datasets\TFMTestRemake\OriginalInput\Teror_frame_02_49_34_000.jpg,1.0
447,F:\Datasets\TFMTestRemake\OriginalInput\Teror_frame_02_49_35_000.jpg,1.0
448,F:\Datasets\TFMTestRemake\OriginalInput\Teror_frame_02_52_36_000.jpg,1.0
449,F:\Datasets\TFMTestRemake\OriginalInput\Teror_frame_02_55_40_000.jpg,1.0
450,F:\Datasets\TFMTestRemake\OriginalInput\Teror_frame_02_56_05_000.jpg,1.0
451,F:\Datasets\TFMTestRemake\OriginalInput\Teror_frame_02_57_07_000.jpg,1.0
452,F:\Datasets\TFMTestRemake\OriginalInput\Teror_frame_02_58_01_000.jpg,1.0
453,F:\Datasets\TFMTestRemake\OriginalInput\Teror_frame_02_58_27_000.jpg,0.5
454,F:\Datasets\TFMTestRemake\OriginalInput\Teror_frame_02_59_53_000.jpg,1.0
455,F:\Datasets\TFMTestRemake\OriginalInput\Teror_frame_03_01_59_000.jpg,1.0
456,F:\Datasets\TFMTestRemake\OriginalInput\Teror_frame_03_02_06_000.jpg,1.0
457,F:\Datasets\TFMTestRemake\OriginalInput\Teror_frame_03_02_12_000.jpg,1.0
458,F:\Datasets\TFMTestRemake\OriginalInput\Teror_frame_03_02_15_000.jpg,1.0
459,F:\Datasets\TFMTestRemake\OriginalInput\Teror_frame_03_02_19_000.jpg,1.0
460,F:\Datasets\TFMTestRemake\OriginalInput\Teror_frame_03_02_30_000.jpg,1.0
461,F:\Datasets\TFMTestRemake\OriginalInput\Teror_frame_03_02_57_000.jpg,1.0
462,F:\Datasets\TFMTestRemake\OriginalInput\Teror_frame_03_03_26_000.jpg,1.0
463,F:\Datasets\TFMTestRemake\OriginalInput\Teror_frame_03_04_13_000.jpg,1.0
464,F:\Datasets\TFMTestRemake\OriginalInput\Teror_frame_03_04_41_000.jpg,1.0
465,F:\Datasets\TFMTestRemake\OriginalInput\Teror_frame_03_05_25_000.jpg,1.0
466,F:\Datasets\TFMTestRemake\OriginalInput\Teror_frame_03_06_16_000.jpg,0.5
467,F:\Datasets\TFMTestRemake\OriginalInput\Teror_frame_03_06_36_000.jpg,1.0
468,F:\Datasets\TFMTestRemake\OriginalInput\Teror_frame_03_06_48_000.jpg,1.0
469,F:\Datasets\TFMTestRemake\OriginalInput\Teror_frame_03_09_39_000.jpg,1.0
470,F:\Datasets\TFMTestRemake\OriginalInput\Teror_frame_03_10_52_000.jpg,1.0
471,F:\Datasets\TFMTestRemake\OriginalInput\Teror_frame_03_13_25_000.jpg,1.0
472,F:\Datasets\TFMTestRemake\OriginalInput\Teror_frame_03_14_53_000.jpg,1.0
473,F:\Datasets\TFMTestRemake\OriginalInput\Teror_frame_03_15_08_000.jpg,1.0
474,F:\Datasets\TFMTestRemake\OriginalInput\Teror_frame_03_15_13_000.jpg,1.0
475,F:\Datasets\TFMTestRemake\OriginalInput\Teror_frame_03_15_16_000.jpg,1.0
476,F:\Datasets\TFMTestRemake\OriginalInput\Teror_frame_03_17_13_000.jpg,0.0
477,F:\Datasets\TFMTestRemake\OriginalInput\Teror_frame_03_17_22_000.jpg,1.0
478,F:\Datasets\TFMTestRemake\OriginalInput\Teror_frame_03_18_03_000.jpg,1.0
479,F:\Datasets\TFMTestRemake\OriginalInput\Teror_frame_03_19_10_000.jpg,0.5
480,F:\Datasets\TFMTestRemake\OriginalInput\Teror_frame_03_21_26_000.jpg,1.0
481,F:\Datasets\TFMTestRemake\OriginalInput\Teror_frame_03_21_50_000.jpg,1.0
482,F:\Datasets\TFMTestRemake\OriginalInput\Teror_frame_03_22_03_000.jpg,1.0
483,F:\Datasets\TFMTestRemake\OriginalInput\Teror_frame_03_22_05_000.jpg,1.0
484,F:\Datasets\TFMTestRemake\OriginalInput\Teror_frame_03_23_52_000.jpg,1.0
485,F:\Datasets\TFMTestRemake\OriginalInput\Teror_frame_03_26_08_000.jpg,1.0
486,F:\Datasets\TFMTestRemake\OriginalInput\Teror_frame_03_27_55_000.jpg,1.0
487,F:\Datasets\TFMTestRemake\OriginalInput\Teror_frame_03_28_33_000.jpg,1.0
488,F:\Datasets\TFMTestRemake\OriginalInput\Teror_frame_03_30_16_000.jpg,1.0
