filename,x,y,x2,y2,class
/content/drive/MyDrive/TFM/BibNumberTest/bib_number_0005.jpg,4748,975,5181,2721,person
/content/drive/MyDrive/TFM/BibNumberTest/bib_number_0005.jpg,2570,654,3567,3200,person
/content/drive/MyDrive/TFM/BibNumberTest/bib_number_0005.jpg,1614,879,1974,1971,person
/content/drive/MyDrive/TFM/BibNumberTest/bib_number_0005.jpg,1450,876,1730,1976,person
/content/drive/MyDrive/TFM/BibNumberTest/bib_number_0008.jpg,4487,955,5090,2645,person
/content/drive/MyDrive/TFM/BibNumberTest/bib_number_0008.jpg,1323,692,1655,2144,person
/content/drive/MyDrive/TFM/BibNumberTest/bib_number_0008.jpg,1617,810,1889,1868,person
/content/drive/MyDrive/TFM/BibNumberTest/bib_number_0008.jpg,2530,471,3532,3263,person
/content/drive/MyDrive/TFM/BibNumberTest/bib_number_0008.jpg,2175,713,2683,2315,person
/content/drive/MyDrive/TFM/BibNumberTest/bib_number_0010.jpg,3169,1015,3749,2541,person
/content/drive/MyDrive/TFM/BibNumberTest/bib_number_0010.jpg,1516,839,2140,2600,person
/content/drive/MyDrive/TFM/BibNumberTest/bib_number_0010.jpg,3700,859,4457,2442,person
/content/drive/MyDrive/TFM/BibNumberTest/bib_number_0010.jpg,326,761,1170,2562,person
/content/drive/MyDrive/TFM/BibNumberTest/bib_number_0010.jpg,2789,1027,3090,1952,person
/content/drive/MyDrive/TFM/BibNumberTest/bib_number_0011.jpg,1617,835,2979,3243,person
/content/drive/MyDrive/TFM/BibNumberTest/bib_number_0011.jpg,3607,737,3891,1674,person
/content/drive/MyDrive/TFM/BibNumberTest/bib_number_0011.jpg,3911,876,4208,1686,person
/content/drive/MyDrive/TFM/BibNumberTest/bib_number_0011.jpg,2566,871,2791,1549,person
/content/drive/MyDrive/TFM/BibNumberTest/bib_number_0012.jpg,1333,262,3136,3455,person
/content/drive/MyDrive/TFM/BibNumberTest/bib_number_0012.jpg,3364,865,3644,1649,person
/content/drive/MyDrive/TFM/BibNumberTest/bib_number_0015.jpg,2417,874,3449,3018,person
/content/drive/MyDrive/TFM/BibNumberTest/bib_number_0024.jpg,1407,661,2375,3197,person
/content/drive/MyDrive/TFM/BibNumberTest/bib_number_0024.jpg,2971,49,5111,3455,person
/content/drive/MyDrive/TFM/BibNumberTest/bib_number_0024.jpg,975,1097,1323,2089,person
/content/drive/MyDrive/TFM/BibNumberTest/bib_number_0040.jpg,87,817,2516,3443,person
/content/drive/MyDrive/TFM/BibNumberTest/bib_number_0040.jpg,2273,924,4119,3455,person
/content/drive/MyDrive/TFM/BibNumberTest/bib_number_0041.jpg,4285,629,4953,2217,person
/content/drive/MyDrive/TFM/BibNumberTest/bib_number_0041.jpg,2460,648,3340,3057,person
/content/drive/MyDrive/TFM/BibNumberTest/bib_number_0041.jpg,3724,754,4112,2080,person
/content/drive/MyDrive/TFM/BibNumberTest/bib_number_0041.jpg,2036,1068,2488,2242,person
/content/drive/MyDrive/TFM/BibNumberTest/bib_number_0056.jpg,2024,671,3050,3428,person
/content/drive/MyDrive/TFM/BibNumberTest/bib_number_0056.jpg,2966,843,3147,1471,person
/content/drive/MyDrive/TFM/BibNumberTest/bib_number_0056.jpg,4560,761,4914,1762,person
/content/drive/MyDrive/TFM/BibNumberTest/bib_number_0056.jpg,3168,870,3350,1464,person
/content/drive/MyDrive/TFM/BibNumberTest/bib_number_0058.jpg,1188,993,1788,2554,person
/content/drive/MyDrive/TFM/BibNumberTest/bib_number_0058.jpg,1934,1070,2400,2514,person
/content/drive/MyDrive/TFM/BibNumberTest/bib_number_0058.jpg,464,1195,690,1811,person
/content/drive/MyDrive/TFM/BibNumberTest/bib_number_0058.jpg,766,1336,916,1732,person
/content/drive/MyDrive/TFM/BibNumberTest/bib_number_0062.jpg,2053,839,2395,2092,person
/content/drive/MyDrive/TFM/BibNumberTest/bib_number_0062.jpg,2437,504,3500,3180,person
/content/drive/MyDrive/TFM/BibNumberTest/bib_number_0071.jpg,2198,790,3066,2778,person
/content/drive/MyDrive/TFM/BibNumberTest/bib_number_0073.jpg,2539,526,3584,3399,person
/content/drive/MyDrive/TFM/BibNumberTest/bib_number_0073.jpg,4878,759,5183,1811,person
/content/drive/MyDrive/TFM/BibNumberTest/bib_number_0073.jpg,3776,913,4006,1586,person
/content/drive/MyDrive/TFM/BibNumberTest/bib_number_0078.jpg,2129,944,2672,2394,person
/content/drive/MyDrive/TFM/BibNumberTest/bib_number_0084.jpg,655,858,1572,3455,person
/content/drive/MyDrive/TFM/BibNumberTest/bib_number_0084.jpg,3661,1300,4003,2394,person
/content/drive/MyDrive/TFM/BibNumberTest/bib_number_0084.jpg,2063,366,3818,3455,person
/content/drive/MyDrive/TFM/BibNumberTest/bib_number_0084.jpg,0,1054,194,2514,person
/content/drive/MyDrive/TFM/BibNumberTest/bib_number_0090.jpg,320,202,432,478,person
/content/drive/MyDrive/TFM/BibNumberTest/bib_number_0090.jpg,221,202,274,291,person
/content/drive/MyDrive/TFM/BibNumberTest/bib_number_0090.jpg,155,225,200,303,person
/content/drive/MyDrive/TFM/BibNumberTest/bib_number_0091.jpg,483,38,829,1195,person
/content/drive/MyDrive/TFM/BibNumberTest/bib_number_0096.jpg,672,415,1154,1501,person
/content/drive/MyDrive/TFM/BibNumberTest/bib_number_0098.jpg,854,221,1391,1380,person
/content/drive/MyDrive/TFM/BibNumberTest/bib_number_0111.jpg,1196,137,1483,1014,person
/content/drive/MyDrive/TFM/BibNumberTest/bib_number_0111.jpg,0,0,292,1158,person
/content/drive/MyDrive/TFM/BibNumberTest/bib_number_0111.jpg,827,162,1084,1020,person
/content/drive/MyDrive/TFM/BibNumberTest/bib_number_0112.jpg,246,172,585,1092,person
/content/drive/MyDrive/TFM/BibNumberTest/bib_number_0112.jpg,608,259,825,866,person
/content/drive/MyDrive/TFM/BibNumberTest/bib_number_0112.jpg,924,222,1150,900,person
/content/drive/MyDrive/TFM/BibNumberTest/bib_number_0112.jpg,1405,304,1499,477,person
/content/drive/MyDrive/TFM/BibNumberTest/bib_number_0114.jpg,712,149,1082,1118,person
/content/drive/MyDrive/TFM/BibNumberTest/bib_number_0114.jpg,1198,291,1468,930,person
/content/drive/MyDrive/TFM/BibNumberTest/bib_number_0114.jpg,1449,387,1549,637,person
/content/drive/MyDrive/TFM/BibNumberTest/bib_number_0119.jpg,801,524,1451,1937,person
/content/drive/MyDrive/TFM/BibNumberTest/bib_number_0127.jpg,447,416,618,917,person
/content/drive/MyDrive/TFM/BibNumberTest/bib_number_0127.jpg,742,416,939,975,person
/content/drive/MyDrive/TFM/BibNumberTest/bib_number_0127.jpg,589,411,714,891,person
/content/drive/MyDrive/TFM/BibNumberTest/bib_number_0127.jpg,687,423,797,868,person
/content/drive/MyDrive/TFM/BibNumberTest/bib_number_0133.jpg,0,108,404,1184,person
/content/drive/MyDrive/TFM/BibNumberTest/bib_number_0133.jpg,709,208,1113,1184,person
/content/drive/MyDrive/TFM/BibNumberTest/bib_number_0133.jpg,1299,215,1681,1184,person
/content/drive/MyDrive/TFM/BibNumberTest/bib_number_0133.jpg,775,223,885,382,person
/content/drive/MyDrive/TFM/BibNumberTest/bib_number_0133.jpg,1050,266,1358,1184,person
/content/drive/MyDrive/TFM/BibNumberTest/bib_number_0134.jpg,893,628,1044,1052,person
/content/drive/MyDrive/TFM/BibNumberTest/bib_number_0134.jpg,1196,633,1281,816,person
/content/drive/MyDrive/TFM/BibNumberTest/bib_number_0134.jpg,1124,646,1195,861,person
/content/drive/MyDrive/TFM/BibNumberTest/bib_number_0143.jpg,1017,86,1456,1176,person
/content/drive/MyDrive/TFM/BibNumberTest/bib_number_0149.jpg,879,93,1126,814,person
/content/drive/MyDrive/TFM/BibNumberTest/bib_number_0149.jpg,527,70,802,874,person
/content/drive/MyDrive/TFM/BibNumberTest/bib_number_0149.jpg,1342,147,1494,585,person
/content/drive/MyDrive/TFM/BibNumberTest/bib_number_0156.jpg,1185,327,1399,808,person
/content/drive/MyDrive/TFM/BibNumberTest/bib_number_0159.jpg,293,90,763,1247,person
/content/drive/MyDrive/TFM/BibNumberTest/bib_number_0160.jpg,977,202,1408,1115,person
/content/drive/MyDrive/TFM/BibNumberTest/bib_number_0164.jpg,421,233,910,938,person
/content/drive/MyDrive/TFM/BibNumberTest/bib_number_0173.jpg,575,139,892,1058,person
/content/drive/MyDrive/TFM/BibNumberTest/bib_number_0174.jpg,1171,146,1476,786,person
/content/drive/MyDrive/TFM/BibNumberTest/bib_number_0182.jpg,270,225,444,653,person
/content/drive/MyDrive/TFM/BibNumberTest/bib_number_0182.jpg,508,228,649,664,person
/content/drive/MyDrive/TFM/BibNumberTest/bib_number_0182.jpg,103,291,190,481,person
/content/drive/MyDrive/TFM/BibNumberTest/bib_number_0182.jpg,400,227,538,656,person
/content/drive/MyDrive/TFM/BibNumberTest/bib_number_0182.jpg,825,278,887,383,person
/content/drive/MyDrive/TFM/BibNumberTest/bib_number_0182.jpg,35,292,114,480,person
/content/drive/MyDrive/TFM/BibNumberTest/bib_number_0182.jpg,725,283,785,369,person
/content/drive/MyDrive/TFM/BibNumberTest/bib_number_0182.jpg,861,239,1013,417,person
/content/drive/MyDrive/TFM/BibNumberTest/bib_number_0182.jpg,647,286,716,477,person
/content/drive/MyDrive/TFM/BibNumberTest/bib_number_0186.jpg,1466,1032,2595,3839,person
/content/drive/MyDrive/TFM/BibNumberTest/bib_number_0186.jpg,2405,753,4341,3839,person
/content/drive/MyDrive/TFM/BibNumberTest/bib_number_0186.jpg,4242,1302,4626,2114,person
/content/drive/MyDrive/TFM/BibNumberTest/bib_number_0188.jpg,634,169,844,503,person
/content/drive/MyDrive/TFM/BibNumberTest/bib_number_0188.jpg,220,146,292,282,person
/content/drive/MyDrive/TFM/BibNumberTest/bib_number_0188.jpg,584,183,722,506,person
/content/drive/MyDrive/TFM/BibNumberTest/bib_number_0188.jpg,382,148,619,663,person
/content/drive/MyDrive/TFM/BibNumberTest/bib_number_0192.jpg,21,91,248,629,person
/content/drive/MyDrive/TFM/BibNumberTest/bib_number_0192.jpg,354,78,613,683,person
/content/drive/MyDrive/TFM/BibNumberTest/bib_number_0192.jpg,659,87,901,667,person
/content/drive/MyDrive/TFM/BibNumberTest/bib_number_0194.jpg,2102,645,2479,1505,person
/content/drive/MyDrive/TFM/BibNumberTest/bib_number_0204.jpg,4026,10,5381,3999,person
/content/drive/MyDrive/TFM/BibNumberTest/bib_number_0204.jpg,1404,881,3108,2599,person
/content/drive/MyDrive/TFM/BibNumberTest/bib_number_0204.jpg,5401,764,5999,2747,person
/content/drive/MyDrive/TFM/BibNumberTest/bib_number_0204.jpg,3018,820,4309,3999,person
/content/drive/MyDrive/TFM/BibNumberTest/bib_number_0204.jpg,0,673,936,3879,person
/content/drive/MyDrive/TFM/BibNumberTest/bib_number_0204.jpg,5252,816,5522,1825,person
/content/drive/MyDrive/TFM/BibNumberTest/bib_number_0204.jpg,3736,587,4234,1444,person
/content/drive/MyDrive/TFM/BibNumberTest/bib_number_0209.jpg,348,559,655,1217,person
/content/drive/MyDrive/TFM/BibNumberTest/bib_number_0210.jpg,1883,390,2395,1429,person
/content/drive/MyDrive/TFM/BibNumberTest/bib_number_0215.jpg,1026,462,1248,1063,person
/content/drive/MyDrive/TFM/BibNumberTest/bib_number_0222.jpg,353,146,1931,1779,person
/content/drive/MyDrive/TFM/BibNumberTest/bib_number_0224.jpg,566,108,1286,1140,person
/content/drive/MyDrive/TFM/BibNumberTest/bib_number_0228.jpg,832,390,1205,1209,person
/content/drive/MyDrive/TFM/BibNumberTest/bib_number_0228.jpg,1156,737,1451,1209,person
/content/drive/MyDrive/TFM/BibNumberTest/bib_number_0230.jpg,1732,607,1900,1135,person
/content/drive/MyDrive/TFM/BibNumberTest/bib_number_0230.jpg,1064,849,1225,1155,person
/content/drive/MyDrive/TFM/BibNumberTest/bib_number_0230.jpg,716,817,856,1130,person
/content/drive/MyDrive/TFM/BibNumberTest/bib_number_0230.jpg,460,790,571,1146,person
/content/drive/MyDrive/TFM/BibNumberTest/bib_number_0230.jpg,912,817,1062,1126,person
/content/drive/MyDrive/TFM/BibNumberTest/bib_number_0230.jpg,1222,823,1422,1157,person
/content/drive/MyDrive/TFM/BibNumberTest/bib_number_0230.jpg,546,807,732,1146,person
/content/drive/MyDrive/TFM/BibNumberTest/bib_number_0230.jpg,1080,654,1217,920,person
/content/drive/MyDrive/TFM/BibNumberTest/bib_number_0230.jpg,1581,646,1744,1117,person
/content/drive/MyDrive/TFM/BibNumberTest/bib_number_0238.jpg,198,505,515,1117,person
/content/drive/MyDrive/TFM/BibNumberTest/bib_number_0238.jpg,1028,497,1237,1082,person
/content/drive/MyDrive/TFM/BibNumberTest/bib_number_0238.jpg,783,768,883,918,person
/content/drive/MyDrive/TFM/BibNumberTest/bib_number_0245.jpg,218,328,499,1134,person
/content/drive/MyDrive/TFM/BibNumberTest/bib_number_0245.jpg,991,337,1200,1037,person
/content/drive/MyDrive/TFM/BibNumberTest/bib_number_0245.jpg,1502,302,1898,1311,person
/content/drive/MyDrive/TFM/BibNumberTest/bib_number_0245.jpg,699,315,897,1030,person
/content/drive/MyDrive/TFM/BibNumberTest/bib_number_0245.jpg,455,420,724,1076,person
/content/drive/MyDrive/TFM/BibNumberTest/bib_number_0245.jpg,1147,336,1344,1122,person
/content/drive/MyDrive/TFM/BibNumberTest/bib_number_0245.jpg,1294,329,1553,1189,person
/content/drive/MyDrive/TFM/BibNumberTest/bib_number_0245.jpg,873,383,1033,1037,person
/content/drive/MyDrive/TFM/BibNumberTest/bib_number_0254.jpg,234,272,788,1313,person
/content/drive/MyDrive/TFM/BibNumberTest/bib_number_0254.jpg,803,97,1464,1328,person
/content/drive/MyDrive/TFM/BibNumberTest/bib_number_0255.jpg,311,84,1028,999,person
/content/drive/MyDrive/TFM/BibNumberTest/bib_number_0259.jpg,526,441,884,1332,person
/content/drive/MyDrive/TFM/BibNumberTest/bib_number_0259.jpg,3,549,175,749,person
/content/drive/MyDrive/TFM/BibNumberTest/bib_number_0260.jpg,1499,856,1727,1137,person
/content/drive/MyDrive/TFM/BibNumberTest/bib_number_0260.jpg,695,81,1342,1332,person
/content/drive/MyDrive/TFM/BibNumberTest/bib_number_0260.jpg,356,338,457,536,person
/content/drive/MyDrive/TFM/BibNumberTest/bib_number_0260.jpg,240,276,372,534,person
/content/drive/MyDrive/TFM/BibNumberTest/bib_number_0260.jpg,1038,738,1172,996,person
/content/drive/MyDrive/TFM/BibNumberTest/bib_number_0260.jpg,1742,777,1874,1033,person
/content/drive/MyDrive/TFM/BibNumberTest/bib_number_0260.jpg,23,154,202,499,person
/content/drive/MyDrive/TFM/BibNumberTest/bib_number_0264.jpg,265,253,1775,1323,person
/content/drive/MyDrive/TFM/BibNumberTest/bib_number_0265.jpg,440,73,1559,1332,person
/content/drive/MyDrive/TFM/BibNumberTest/bib_number_0274.jpg,2220,1302,3385,3480,person
/content/drive/MyDrive/TFM/BibNumberTest/bib_number_0274.jpg,5204,1152,5759,2045,person
/content/drive/MyDrive/TFM/BibNumberTest/bib_number_0277.jpg,235,154,1747,1176,person
/content/drive/MyDrive/TFM/BibNumberTest/bib_number_0281.jpg,1205,322,1701,1332,person
/content/drive/MyDrive/TFM/BibNumberTest/bib_number_0281.jpg,601,273,1334,1332,person
/content/drive/MyDrive/TFM/BibNumberTest/bib_number_0281.jpg,253,231,679,1332,person
/content/drive/MyDrive/TFM/BibNumberTest/bib_number_0288.jpg,806,964,1483,2641,person
/content/drive/MyDrive/TFM/BibNumberTest/bib_number_0288.jpg,41,1206,527,2239,person
/content/drive/MyDrive/TFM/BibNumberTest/bib_number_0297.jpg,620,401,780,796,person
/content/drive/MyDrive/TFM/BibNumberTest/bib_number_0297.jpg,376,438,539,838,person
/content/drive/MyDrive/TFM/BibNumberTest/bib_number_0297.jpg,859,385,1082,836,person
/content/drive/MyDrive/TFM/BibNumberTest/bib_number_0297.jpg,1056,349,1371,827,person
/content/drive/MyDrive/TFM/BibNumberTest/bib_number_0301.jpg,482,496,597,833,person
/content/drive/MyDrive/TFM/BibNumberTest/bib_number_0301.jpg,516,449,605,566,person
/content/drive/MyDrive/TFM/BibNumberTest/bib_number_0306.jpg,450,418,563,694,person
/content/drive/MyDrive/TFM/BibNumberTest/bib_number_0306.jpg,244,389,318,553,person
/content/drive/MyDrive/TFM/BibNumberTest/bib_number_0306.jpg,856,511,1043,935,person
/content/drive/MyDrive/TFM/BibNumberTest/bib_number_0307.jpg,436,376,645,876,person
/content/drive/MyDrive/TFM/BibNumberTest/bib_number_0307.jpg,121,312,452,960,person
/content/drive/MyDrive/TFM/BibNumberTest/bib_number_0308.jpg,706,185,955,851,person
/content/drive/MyDrive/TFM/BibNumberTest/bib_number_0308.jpg,928,290,1080,794,person
/content/drive/MyDrive/TFM/BibNumberTest/bib_number_0310.jpg,79,306,789,823,person
/content/drive/MyDrive/TFM/BibNumberTest/bib_number_0312.jpg,690,522,852,940,person
/content/drive/MyDrive/TFM/BibNumberTest/bib_number_0312.jpg,944,493,1124,864,person
/content/drive/MyDrive/TFM/BibNumberTest/bib_number_0312.jpg,1136,609,1182,718,person
/content/drive/MyDrive/TFM/BibNumberTest/bib_number_0320.jpg,998,463,1146,804,person
/content/drive/MyDrive/TFM/BibNumberTest/bib_number_0320.jpg,828,459,974,869,person
/content/drive/MyDrive/TFM/BibNumberTest/bib_number_0320.jpg,571,495,751,854,person
/content/drive/MyDrive/TFM/BibNumberTest/bib_number_0320.jpg,1144,461,1240,728,person
/content/drive/MyDrive/TFM/BibNumberTest/bib_number_0323.jpg,937,222,1492,1512,person
/content/drive/MyDrive/TFM/BibNumberTest/bib_number_0326.jpg,995,276,1350,1250,person
/content/drive/MyDrive/TFM/BibNumberTest/bib_number_0327.jpg,1785,2457,3123,6702,person
/content/drive/MyDrive/TFM/BibNumberTest/bib_number_0335.jpg,921,197,1425,1421,person
/content/drive/MyDrive/TFM/BibNumberTest/bib_number_0338.jpg,968,423,1900,3142,person
/content/drive/MyDrive/TFM/BibNumberTest/bib_number_0345.jpg,978,1141,1486,2834,person
/content/drive/MyDrive/TFM/BibNumberTest/bib_number_0345.jpg,1258,957,1620,1908,person
/content/drive/MyDrive/TFM/BibNumberTest/bib_number_0345.jpg,1528,966,1934,1866,person
/content/drive/MyDrive/TFM/BibNumberTest/bib_number_0346.jpg,770,1074,1457,2993,person
/content/drive/MyDrive/TFM/BibNumberTest/bib_number_0347.jpg,855,1245,1383,2680,person
/content/drive/MyDrive/TFM/BibNumberTest/bib_number_0352.jpg,778,620,1641,3157,person
/content/drive/MyDrive/TFM/BibNumberTest/bib_number_0356.jpg,638,529,1025,1616,person
/content/drive/MyDrive/TFM/BibNumberTest/bib_number_0359.jpg,1210,410,1400,896,person
/content/drive/MyDrive/TFM/BibNumberTest/bib_number_0359.jpg,270,352,569,999,person
/content/drive/MyDrive/TFM/BibNumberTest/bib_number_0359.jpg,0,415,199,924,person
/content/drive/MyDrive/TFM/BibNumberTest/bib_number_0368.jpg,499,334,768,999,person
/content/drive/MyDrive/TFM/BibNumberTest/bib_number_0368.jpg,747,409,924,882,person
/content/drive/MyDrive/TFM/BibNumberTest/bib_number_0368.jpg,929,402,1138,999,person
/content/drive/MyDrive/TFM/BibNumberTest/bib_number_0368.jpg,222,440,399,868,person
/content/drive/MyDrive/TFM/BibNumberTest/bib_number_0368.jpg,1246,426,1457,977,person
/content/drive/MyDrive/TFM/BibNumberTest/bib_number_0368.jpg,408,436,512,818,person
/content/drive/MyDrive/TFM/BibNumberTest/bib_number_0370.jpg,745,506,944,999,person
/content/drive/MyDrive/TFM/BibNumberTest/bib_number_0370.jpg,954,529,1212,999,person
/content/drive/MyDrive/TFM/BibNumberTest/bib_number_0370.jpg,1140,499,1339,997,person
/content/drive/MyDrive/TFM/BibNumberTest/bib_number_0370.jpg,103,498,483,999,person
/content/drive/MyDrive/TFM/BibNumberTest/bib_number_0370.jpg,405,423,569,926,person
/content/drive/MyDrive/TFM/BibNumberTest/bib_number_0370.jpg,520,490,727,999,person
/content/drive/MyDrive/TFM/BibNumberTest/bib_number_0370.jpg,0,488,206,999,person
/content/drive/MyDrive/TFM/BibNumberTest/bib_number_0370.jpg,1300,536,1499,999,person
/content/drive/MyDrive/TFM/BibNumberTest/bib_number_0380.jpg,1000,850,1899,3225,person
/content/drive/MyDrive/TFM/BibNumberTest/bib_number_0381.jpg,693,996,1435,3099,person
/content/drive/MyDrive/TFM/BibNumberTest/bib_number_0389.jpg,968,1236,1669,2901,person
/content/drive/MyDrive/TFM/BibNumberTest/bib_number_0389.jpg,485,1425,568,1714,person
/content/drive/MyDrive/TFM/BibNumberTest/bib_number_0390.jpg,1463,342,2181,2028,person
/content/drive/MyDrive/TFM/BibNumberTest/bib_number_0399.jpg,2290,485,3141,2203,person
/content/drive/MyDrive/TFM/BibNumberTest/bib_number_0400.jpg,2442,178,3288,2332,person
/content/drive/MyDrive/TFM/BibNumberTest/bib_number_0404.jpg,2127,349,2798,1948,person
/content/drive/MyDrive/TFM/BibNumberTest/bib_number_0410.jpg,2641,416,3279,2099,person
/content/drive/MyDrive/TFM/BibNumberTest/bib_number_0420.jpg,614,617,1640,3007,person
/content/drive/MyDrive/TFM/BibNumberTest/bib_number_0423.jpg,1665,511,2242,2345,person
/content/drive/MyDrive/TFM/BibNumberTest/bib_number_0423.jpg,776,454,1621,2273,person
/content/drive/MyDrive/TFM/BibNumberTest/bib_number_0425.jpg,709,421,1703,3259,person
/content/drive/MyDrive/TFM/BibNumberTest/bib_number_0427.jpg,1311,357,1657,1619,person
/content/drive/MyDrive/TFM/BibNumberTest/bib_number_0427.jpg,1710,480,2166,1868,person
/content/drive/MyDrive/TFM/BibNumberTest/bib_number_0427.jpg,663,199,1390,2280,person
/content/drive/MyDrive/TFM/BibNumberTest/bib_number_0427.jpg,542,812,642,1020,person
/content/drive/MyDrive/TFM/BibNumberTest/bib_number_0429.jpg,503,675,1487,3233,person
/content/drive/MyDrive/TFM/BibNumberTest/bib_number_0429.jpg,1380,656,2086,3032,person
/content/drive/MyDrive/TFM/BibNumberTest/bib_number_0433.jpg,1653,485,2221,1861,person
/content/drive/MyDrive/TFM/BibNumberTest/bib_number_0439.jpg,2276,206,3196,2243,person
/content/drive/MyDrive/TFM/BibNumberTest/bib_number_0441.jpg,2141,0,3352,2431,person
/content/drive/MyDrive/TFM/BibNumberTest/bib_number_0441.jpg,3300,483,3647,1872,person
/content/drive/MyDrive/TFM/BibNumberTest/bib_number_0445.jpg,1778,5,2577,1959,person
/content/drive/MyDrive/TFM/BibNumberTest/bib_number_0451.jpg,1295,349,2000,2411,person
/content/drive/MyDrive/TFM/BibNumberTest/bib_number_0456.jpg,482,589,1395,3082,person
/content/drive/MyDrive/TFM/BibNumberTest/bib_number_0464.jpg,253,108,1599,3410,person
/content/drive/MyDrive/TFM/BibNumberTest/bib_number_0465.jpg,1714,255,2359,2230,person
/content/drive/MyDrive/TFM/BibNumberTest/bib_number_0466.jpg,929,1042,1470,2684,person
/content/drive/MyDrive/TFM/BibNumberTest/bib_number_0467.jpg,1530,282,2095,1972,person
/content/drive/MyDrive/TFM/BibNumberTest/bib_number_0482.jpg,1932,169,2702,2110,person
/content/drive/MyDrive/TFM/BibNumberTest/bib_number_0483.jpg,3040,447,3580,1429,person
/content/drive/MyDrive/TFM/BibNumberTest/bib_number_0483.jpg,1910,327,2519,1934,person
/content/drive/MyDrive/TFM/BibNumberTest/bib_number_0486.jpg,2049,137,2920,2250,person
/content/drive/MyDrive/TFM/BibNumberTest/bib_number_0494.jpg,3177,598,3479,1406,person
/content/drive/MyDrive/TFM/BibNumberTest/bib_number_0494.jpg,1834,361,2481,1821,person
/content/drive/MyDrive/TFM/BibNumberTest/bib_number_0496.jpg,723,311,1799,3078,person
/content/drive/MyDrive/TFM/BibNumberTest/bib_number_0498.jpg,984,557,1698,3130,person
/content/drive/MyDrive/TFM/BibNumberTest/bib_number_0499.jpg,724,224,1732,3315,person
/content/drive/MyDrive/TFM/BibNumberTest/bib_number_0509.jpg,2250,241,3101,2268,person
/content/drive/MyDrive/TFM/BibNumberTest/bib_number_0509.jpg,1611,1166,1719,1348,person
/content/drive/MyDrive/TFM/BibNumberTest/bib_number_0513.jpg,2459,409,3240,2239,person
/content/drive/MyDrive/TFM/BibNumberTest/bib_number_0517.jpg,2296,292,3148,2199,person
/content/drive/MyDrive/TFM/BibNumberTest/bib_number_0521.jpg,291,0,1358,2431,person
/content/drive/MyDrive/TFM/BibNumberTest/bib_number_0521.jpg,1730,196,2530,2335,person
/content/drive/MyDrive/TFM/BibNumberTest/bib_number_0524.jpg,606,549,1615,2996,person
/content/drive/MyDrive/TFM/BibNumberTest/bib_number_0528.jpg,2458,364,3072,2105,person
/content/drive/MyDrive/TFM/BibNumberTest/bib_number_0529.jpg,2354,194,3144,2253,person
/content/drive/MyDrive/TFM/BibNumberTest/bib_number_0536.jpg,382,95,1536,3211,person
/content/drive/MyDrive/TFM/BibNumberTest/bib_number_0538.jpg,742,149,1794,2799,person
/content/drive/MyDrive/TFM/BibNumberTest/bib_number_0538.jpg,64,146,662,2026,person
/content/drive/MyDrive/TFM/BibNumberTest/bib_number_0543.jpg,2357,447,2919,2005,person
/content/drive/MyDrive/TFM/BibNumberTest/bib_number_0547.jpg,168,173,1454,3212,person
/content/drive/MyDrive/TFM/BibNumberTest/bib_number_0551.jpg,795,382,1618,2820,person
/content/drive/MyDrive/TFM/BibNumberTest/bib_number_0555.jpg,772,472,1629,3133,person
/content/drive/MyDrive/TFM/BibNumberTest/bib_number_0572.jpg,181,218,334,598,person
/content/drive/MyDrive/TFM/BibNumberTest/bib_number_0572.jpg,191,149,335,265,person
/content/drive/MyDrive/TFM/BibNumberTest/bib_number_0582.jpg,254,253,514,899,person
/content/drive/MyDrive/TFM/BibNumberTest/bib_number_0583.jpg,365,369,534,849,person
/content/drive/MyDrive/TFM/BibNumberTest/bib_number_0585.jpg,313,128,581,851,person
/content/drive/MyDrive/TFM/BibNumberTest/bib_number_0590.jpg,315,258,520,935,person
/content/drive/MyDrive/TFM/BibNumberTest/bib_number_0590.jpg,194,396,352,877,person
/content/drive/MyDrive/TFM/BibNumberTest/bib_number_0597.jpg,879,1109,1926,4290,person
/content/drive/MyDrive/TFM/BibNumberTest/bib_number_0602.jpg,1255,1827,2515,4844,person
/content/drive/MyDrive/TFM/BibNumberTest/bib_number_0603.jpg,864,819,2194,3961,person
/content/drive/MyDrive/TFM/BibNumberTest/bib_number_0610.jpg,271,202,511,991,person
/content/drive/MyDrive/TFM/BibNumberTest/bib_number_0620.jpg,230,189,678,1044,person
/content/drive/MyDrive/TFM/BibNumberTest/bib_number_0622.jpg,137,124,459,843,person
/content/drive/MyDrive/TFM/BibNumberTest/bib_number_0624.jpg,157,195,453,904,person
/content/drive/MyDrive/TFM/BibNumberTest/bib_number_0624.jpg,423,236,597,727,person
/content/drive/MyDrive/TFM/BibNumberTest/bib_number_0626.jpg,975,706,2472,3798,person
/content/drive/MyDrive/TFM/BibNumberTest/bib_number_0628.jpg,997,1454,1758,3909,person
/content/drive/MyDrive/TFM/BibNumberTest/bib_number_0632.jpg,1160,1421,2303,4405,person
/content/drive/MyDrive/TFM/BibNumberTest/bib_number_0635.jpg,1048,1637,2199,4833,person
/content/drive/MyDrive/TFM/BibNumberTest/bib_number_0638.jpg,705,399,2325,4704,person
/content/drive/MyDrive/TFM/BibNumberTest/bib_number_0640.jpg,531,161,1153,1750,person
/content/drive/MyDrive/TFM/BibNumberTest/bib_number_0642.jpg,861,253,1495,1722,person
/content/drive/MyDrive/TFM/BibNumberTest/bib_number_0642.jpg,467,146,976,1690,person
/content/drive/MyDrive/TFM/BibNumberTest/bib_number_0645.jpg,652,156,1331,1856,person
/content/drive/MyDrive/TFM/BibNumberTest/bib_number_0650.jpg,513,132,1173,1833,person
/content/drive/MyDrive/TFM/BibNumberTest/bib_number_0654.jpg,598,87,1213,1811,person
/content/drive/MyDrive/TFM/BibNumberTest/bib_number_0654.jpg,327,554,641,1408,person
/content/drive/MyDrive/TFM/BibNumberTest/bib_number_0659.jpg,669,219,1254,1691,person
/content/drive/MyDrive/TFM/BibNumberTest/bib_number_0661.jpg,386,76,570,520,person
/content/drive/MyDrive/TFM/BibNumberTest/bib_number_0668.jpg,566,136,688,442,person
/content/drive/MyDrive/TFM/BibNumberTest/bib_number_0668.jpg,55,134,192,524,person
/content/drive/MyDrive/TFM/BibNumberTest/bib_number_0668.jpg,297,52,497,535,person
/content/drive/MyDrive/TFM/BibNumberTest/bib_number_0668.jpg,437,132,557,535,person
/content/drive/MyDrive/TFM/BibNumberTest/bib_number_0668.jpg,188,147,295,515,person
/content/drive/MyDrive/TFM/BibNumberTest/bib_number_0670.jpg,272,148,424,535,person
/content/drive/MyDrive/TFM/BibNumberTest/bib_number_0670.jpg,398,169,518,514,person
/content/drive/MyDrive/TFM/BibNumberTest/bib_number_0670.jpg,0,164,73,490,person
/content/drive/MyDrive/TFM/BibNumberTest/bib_number_0670.jpg,463,162,529,416,person
/content/drive/MyDrive/TFM/BibNumberTest/bib_number_0672.jpg,1302,839,2261,3251,person
/content/drive/MyDrive/TFM/BibNumberTest/bib_number_0672.jpg,413,782,1251,3209,person
/content/drive/MyDrive/TFM/BibNumberTest/bib_number_0673.jpg,1063,405,2676,4945,person
/content/drive/MyDrive/TFM/BibNumberTest/bib_number_0680.jpg,778,647,2229,4925,person
/content/drive/MyDrive/TFM/BibNumberTest/bib_number_0682.jpg,988,597,2428,4607,person
/content/drive/MyDrive/TFM/BibNumberTest/bib_number_0687.jpg,1006,505,2345,4087,person
/content/drive/MyDrive/TFM/BibNumberTest/bib_number_0690.jpg,790,557,1817,3365,person
/content/drive/MyDrive/TFM/BibNumberTest/bib_number_0696.jpg,361,532,1805,4132,person
/content/drive/MyDrive/TFM/BibNumberTest/bib_number_0696.jpg,1489,569,2512,3588,person
/content/drive/MyDrive/TFM/BibNumberTest/bib_number_0697.jpg,611,517,1270,2347,person
/content/drive/MyDrive/TFM/BibNumberTest/bib_number_0706.jpg,822,571,1616,2990,person
/content/drive/MyDrive/TFM/BibNumberTest/bib_number_0706.jpg,2262,1222,2364,1725,person
/content/drive/MyDrive/TFM/BibNumberTest/bib_number_0713.jpg,416,245,1166,2314,person
/content/drive/MyDrive/TFM/BibNumberTest/bib_number_0722.jpg,1383,394,1746,1377,person
/content/drive/MyDrive/TFM/BibNumberTest/bib_number_0722.jpg,861,94,1420,1889,person
/content/drive/MyDrive/TFM/BibNumberTest/bib_number_0731.jpg,1602,644,2365,2929,person
/content/drive/MyDrive/TFM/BibNumberTest/bib_number_0755.jpg,543,470,1473,3155,person
/content/drive/MyDrive/TFM/BibNumberTest/bib_number_0772.jpg,1098,357,1213,667,person
/content/drive/MyDrive/TFM/BibNumberTest/bib_number_0772.jpg,644,156,884,763,person
/content/drive/MyDrive/TFM/BibNumberTest/bib_number_0772.jpg,1184,380,1274,653,person
/content/drive/MyDrive/TFM/BibNumberTest/bib_number_0772.jpg,855,199,1008,717,person
/content/drive/MyDrive/TFM/BibNumberTest/bib_number_0783.jpg,655,433,813,817,person
/content/drive/MyDrive/TFM/BibNumberTest/bib_number_0783.jpg,239,192,553,950,person
/content/drive/MyDrive/TFM/BibNumberTest/bib_number_0783.jpg,483,352,677,873,person
/content/drive/MyDrive/TFM/BibNumberTest/bib_number_0783.jpg,783,502,853,794,person
/content/drive/MyDrive/TFM/BibNumberTest/bib_number_0795.jpg,2081,332,2944,2107,person
/content/drive/MyDrive/TFM/BibNumberTest/bib_number_0797.jpg,894,630,1783,2911,person
/content/drive/MyDrive/TFM/BibNumberTest/bib_number_0809.jpg,730,615,853,1027,person
/content/drive/MyDrive/TFM/BibNumberTest/bib_number_0809.jpg,114,195,560,1248,person
/content/drive/MyDrive/TFM/BibNumberTest/bib_number_0809.jpg,454,406,748,1123,person
/content/drive/MyDrive/TFM/BibNumberTest/bib_number_0812.jpg,750,595,852,875,person
/content/drive/MyDrive/TFM/BibNumberTest/bib_number_0812.jpg,283,339,547,1030,person
/content/drive/MyDrive/TFM/BibNumberTest/bib_number_0818.jpg,236,49,580,1201,person
/content/drive/MyDrive/TFM/BibNumberTest/bib_number_0822.jpg,179,60,530,1188,person
/content/drive/MyDrive/TFM/BibNumberTest/bib_number_0822.jpg,446,301,676,956,person
/content/drive/MyDrive/TFM/BibNumberTest/bib_number_0822.jpg,601,303,752,846,person
/content/drive/MyDrive/TFM/BibNumberTest/bib_number_0824.jpg,274,136,543,926,person
/content/drive/MyDrive/TFM/BibNumberTest/bib_number_0833.jpg,2195,147,3088,2247,person
/content/drive/MyDrive/TFM/BibNumberTest/bib_number_0840.jpg,294,280,1600,3228,person
/content/drive/MyDrive/TFM/BibNumberTest/bib_number_0843.jpg,369,32,1564,3647,person
/content/drive/MyDrive/TFM/BibNumberTest/bib_number_0847.jpg,562,658,2101,3508,person
/content/drive/MyDrive/TFM/BibNumberTest/bib_number_0851.jpg,1509,817,2409,1976,person
/content/drive/MyDrive/TFM/BibNumberTest/bib_number_0851.jpg,1097,770,1697,2012,person
/content/drive/MyDrive/TFM/BibNumberTest/bib_number_0863.jpg,261,353,626,1047,person
/content/drive/MyDrive/TFM/BibNumberTest/bib_number_0863.jpg,657,617,794,913,person
/content/drive/MyDrive/TFM/BibNumberTest/bib_number_0863.jpg,785,667,853,871,person
/content/drive/MyDrive/TFM/BibNumberTest/bib_number_0866.jpg,211,160,478,897,person
/content/drive/MyDrive/TFM/BibNumberTest/bib_number_0866.jpg,727,483,832,772,person
/content/drive/MyDrive/TFM/BibNumberTest/bib_number_0866.jpg,639,482,725,768,person
/content/drive/MyDrive/TFM/BibNumberTest/bib_number_0866.jpg,536,407,663,785,person
/content/drive/MyDrive/TFM/BibNumberTest/bib_number_0875.jpg,1005,220,1186,698,person
/content/drive/MyDrive/TFM/BibNumberTest/bib_number_0875.jpg,622,49,878,780,person
/content/drive/MyDrive/TFM/BibNumberTest/bib_number_0875.jpg,832,210,1003,730,person
/content/drive/MyDrive/TFM/BibNumberTest/bib_number_0875.jpg,210,5,582,838,person
/content/drive/MyDrive/TFM/BibNumberTest/bib_number_0876.jpg,717,154,930,791,person
/content/drive/MyDrive/TFM/BibNumberTest/bib_number_0876.jpg,1174,416,1263,665,person
/content/drive/MyDrive/TFM/BibNumberTest/bib_number_0877.jpg,987,278,1152,728,person
/content/drive/MyDrive/TFM/BibNumberTest/bib_number_0877.jpg,713,96,937,785,person
/content/drive/MyDrive/TFM/BibNumberTest/bib_number_0886.jpg,0,124,287,1035,person
/content/drive/MyDrive/TFM/BibNumberTest/bib_number_0886.jpg,277,220,547,931,person
/content/drive/MyDrive/TFM/BibNumberTest/bib_number_0886.jpg,513,319,731,877,person
/content/drive/MyDrive/TFM/BibNumberTest/bib_number_0886.jpg,770,559,833,770,person
/content/drive/MyDrive/TFM/BibNumberTest/bib_number_0886.jpg,734,549,787,745,person
/content/drive/MyDrive/TFM/BibNumberTest/bib_number_0886.jpg,830,588,853,716,person
/content/drive/MyDrive/TFM/BibNumberTest/bib_number_0890.jpg,209,133,629,1270,person
/content/drive/MyDrive/TFM/BibNumberTest/bib_number_0899.jpg,658,71,1031,721,person
/content/drive/MyDrive/TFM/BibNumberTest/bib_number_0901.jpg,1103,261,1209,582,person
/content/drive/MyDrive/TFM/BibNumberTest/bib_number_0901.jpg,706,88,877,657,person
/content/drive/MyDrive/TFM/BibNumberTest/bib_number_0901.jpg,0,0,430,849,person
/content/drive/MyDrive/TFM/BibNumberTest/bib_number_0901.jpg,853,227,981,606,person
/content/drive/MyDrive/TFM/BibNumberTest/bib_number_0901.jpg,969,270,1080,582,person
/content/drive/MyDrive/TFM/BibNumberTest/bib_number_0901.jpg,397,0,698,778,person
/content/drive/MyDrive/TFM/BibNumberTest/bib_number_0901.jpg,1250,343,1279,496,person
/content/drive/MyDrive/TFM/BibNumberTest/bib_number_0902.jpg,1002,225,1139,596,person
/content/drive/MyDrive/TFM/BibNumberTest/bib_number_0902.jpg,1219,346,1279,495,person
/content/drive/MyDrive/TFM/BibNumberTest/bib_number_0902.jpg,858,227,1001,616,person
/content/drive/MyDrive/TFM/BibNumberTest/bib_number_0902.jpg,454,0,729,754,person
/content/drive/MyDrive/TFM/BibNumberTest/bib_number_0902.jpg,698,134,877,659,person
/content/drive/MyDrive/TFM/BibNumberTest/bib_number_0908.jpg,714,102,947,632,person
/content/drive/MyDrive/TFM/BibNumberTest/bib_number_0908.jpg,321,0,790,801,person
/content/drive/MyDrive/TFM/BibNumberTest/bib_number_0908.jpg,886,161,1036,595,person
/content/drive/MyDrive/TFM/BibNumberTest/bib_number_0911.jpg,1053,336,1215,763,person
/content/drive/MyDrive/TFM/BibNumberTest/bib_number_0911.jpg,918,351,1077,753,person
/content/drive/MyDrive/TFM/BibNumberTest/bib_number_0911.jpg,571,27,885,833,person
/content/drive/MyDrive/TFM/BibNumberTest/bib_number_0911.jpg,150,0,540,850,person
/content/drive/MyDrive/TFM/BibNumberTest/bib_number_0924.jpg,601,324,785,803,person
/content/drive/MyDrive/TFM/BibNumberTest/bib_number_0924.jpg,261,188,563,910,person
/content/drive/MyDrive/TFM/BibNumberTest/bib_number_0930.jpg,896,209,1090,728,person
/content/drive/MyDrive/TFM/BibNumberTest/bib_number_0930.jpg,0,4,454,843,person
/content/drive/MyDrive/TFM/BibNumberTest/bib_number_0930.jpg,630,146,916,804,person
/content/drive/MyDrive/TFM/BibNumberTest/bib_number_0930.jpg,1137,374,1235,683,person
/content/drive/MyDrive/TFM/BibNumberTest/bib_number_0930.jpg,1038,295,1161,721,person
/content/drive/MyDrive/TFM/BibNumberTest/bib_number_0934.jpg,229,148,568,1020,person
/content/drive/MyDrive/TFM/BibNumberTest/bib_number_0934.jpg,560,128,853,1023,person
/content/drive/MyDrive/TFM/BibNumberTest/bib_number_0940.jpg,557,377,715,792,person
/content/drive/MyDrive/TFM/BibNumberTest/bib_number_0940.jpg,681,290,853,811,person
/content/drive/MyDrive/TFM/BibNumberTest/bib_number_0940.jpg,222,32,576,989,person
/content/drive/MyDrive/TFM/BibNumberTest/bib_number_0943.jpg,1165,379,1241,568,person
/content/drive/MyDrive/TFM/BibNumberTest/bib_number_0943.jpg,704,125,933,711,person
/content/drive/MyDrive/TFM/BibNumberTest/bib_number_0943.jpg,843,163,1006,702,person
/content/drive/MyDrive/TFM/BibNumberTest/bib_number_0946.jpg,664,86,911,830,person
/content/drive/MyDrive/TFM/BibNumberTest/bib_number_0946.jpg,32,0,522,846,person
/content/drive/MyDrive/TFM/BibNumberTest/bib_number_0946.jpg,861,137,1069,792,person
/content/drive/MyDrive/TFM/BibNumberTest/bib_number_0947.jpg,511,131,736,732,person
/content/drive/MyDrive/TFM/BibNumberTest/bib_number_0947.jpg,1055,373,1141,595,person
/content/drive/MyDrive/TFM/BibNumberTest/bib_number_0947.jpg,1119,387,1187,581,person
/content/drive/MyDrive/TFM/BibNumberTest/bib_number_0947.jpg,917,172,1090,684,person
/content/drive/MyDrive/TFM/BibNumberTest/bib_number_0947.jpg,761,57,1004,731,person
/content/drive/MyDrive/TFM/BibNumberTest/bib_number_0947.jpg,1168,403,1221,575,person
/content/drive/MyDrive/TFM/BibNumberTest/bib_number_0959.jpg,603,527,760,915,person
/content/drive/MyDrive/TFM/BibNumberTest/bib_number_0959.jpg,270,382,547,998,person
/content/drive/MyDrive/TFM/BibNumberTest/bib_number_0959.jpg,794,607,853,868,person
/content/drive/MyDrive/TFM/BibNumberTest/bib_number_0960.jpg,693,597,799,876,person
/content/drive/MyDrive/TFM/BibNumberTest/bib_number_0960.jpg,283,381,540,991,person
/content/drive/MyDrive/TFM/BibNumberTest/bib_number_0960.jpg,813,585,853,875,person
/content/drive/MyDrive/TFM/BibNumberTest/bib_number_0962.jpg,777,577,853,774,person
/content/drive/MyDrive/TFM/BibNumberTest/bib_number_0962.jpg,668,571,751,779,person
/content/drive/MyDrive/TFM/BibNumberTest/bib_number_0962.jpg,258,153,560,1011,person
/content/drive/MyDrive/TFM/BibNumberTest/bib_number_0962.jpg,730,588,777,766,person
/content/drive/MyDrive/TFM/BibNumberTest/bib_number_0964.jpg,575,577,655,852,person
/content/drive/MyDrive/TFM/BibNumberTest/bib_number_0964.jpg,0,15,389,1246,person
/content/drive/MyDrive/TFM/BibNumberTest/bib_number_0964.jpg,659,632,730,842,person
/content/drive/MyDrive/TFM/BibNumberTest/bib_number_0964.jpg,287,178,532,1069,person
/content/drive/MyDrive/TFM/BibNumberTest/bib_number_0968.jpg,0,305,229,971,person
/content/drive/MyDrive/TFM/BibNumberTest/bib_number_0968.jpg,250,207,609,1114,person
/content/drive/MyDrive/TFM/BibNumberTest/bib_number_0970.jpg,1084,333,1170,486,person
/content/drive/MyDrive/TFM/BibNumberTest/bib_number_0970.jpg,779,132,935,632,person
/content/drive/MyDrive/TFM/BibNumberTest/bib_number_0970.jpg,353,82,635,653,person
/content/drive/MyDrive/TFM/BibNumberTest/bib_number_0973.jpg,588,495,1267,2004,person
/content/drive/MyDrive/TFM/BibNumberTest/bib_number_0973.jpg,1445,63,2250,2213,person
/content/drive/MyDrive/TFM/BibNumberTest/bib_number_0975.jpg,1111,242,1844,2128,person
/content/drive/MyDrive/TFM/BibNumberTest/bib_number_0977.jpg,2586,538,3181,1876,person
/content/drive/MyDrive/TFM/BibNumberTest/bib_number_0977.jpg,864,205,1614,1876,person
/content/drive/MyDrive/TFM/BibNumberTest/bib_number_0977.jpg,144,646,594,1876,person
/content/drive/MyDrive/TFM/BibNumberTest/bib_number_0979.jpg,445,88,604,502,person
/content/drive/MyDrive/TFM/BibNumberTest/bib_number_0984.jpg,1380,87,2350,1988,person
/content/drive/MyDrive/TFM/BibNumberTest/bib_number_0985.jpg,827,272,1591,1927,person
/content/drive/MyDrive/TFM/BibNumberTest/bib_number_0985.jpg,1321,0,1903,1448,person
/content/drive/MyDrive/TFM/BibNumberTest/bib_number_0995.jpg,378,28,1408,2585,person
/content/drive/MyDrive/TFM/BibNumberTest/bib_number_0995.jpg,1394,766,1893,1860,person
/content/drive/MyDrive/TFM/BibNumberTest/bib_number_0995.jpg,1982,974,2205,1623,person
/content/drive/MyDrive/TFM/BibNumberTest/bib_number_0996.jpg,121,35,1064,2391,person
/content/drive/MyDrive/TFM/BibNumberTest/bib_number_0996.jpg,837,0,2220,2424,person
/content/drive/MyDrive/TFM/BibNumberTest/bib_number_1001.jpg,992,100,1919,2179,person
/content/drive/MyDrive/TFM/BibNumberTest/bib_number_1005.jpg,182,118,1202,2415,person
/content/drive/MyDrive/TFM/BibNumberTest/bib_number_1009.jpg,466,169,601,595,person
/content/drive/MyDrive/TFM/BibNumberTest/bib_number_1017.jpg,1579,128,2103,1736,person
/content/drive/MyDrive/TFM/BibNumberTest/bib_number_1017.jpg,1250,352,1610,1508,person
/content/drive/MyDrive/TFM/BibNumberTest/bib_number_1025.jpg,255,146,796,1705,person
/content/drive/MyDrive/TFM/BibNumberTest/bib_number_1025.jpg,1478,461,1974,1935,person
/content/drive/MyDrive/TFM/BibNumberTest/bib_number_1025.jpg,1011,676,1316,1450,person
/content/drive/MyDrive/TFM/BibNumberTest/bib_number_1028.jpg,407,378,1148,2000,person
/content/drive/MyDrive/TFM/BibNumberTest/bib_number_1028.jpg,1378,320,2064,2000,person
/content/drive/MyDrive/TFM/BibNumberTest/bib_number_1028.jpg,1810,363,2796,1982,person
/content/drive/MyDrive/TFM/BibNumberTest/bib_number_1028.jpg,51,1148,504,2000,person
/content/drive/MyDrive/TFM/BibNumberTest/bib_number_1032.jpg,527,402,818,1084,person
/content/drive/MyDrive/TFM/BibNumberTest/bib_number_1039.jpg,67,279,320,1006,person
/content/drive/MyDrive/TFM/BibNumberTest/bib_number_1039.jpg,784,388,1317,1281,person
/content/drive/MyDrive/TFM/BibNumberTest/bib_number_1039.jpg,1732,194,1814,391,person
/content/drive/MyDrive/TFM/BibNumberTest/bib_number_1050.jpg,206,293,674,1452,person
/content/drive/MyDrive/TFM/BibNumberTest/bib_number_1051.jpg,307,370,706,1468,person
/content/drive/MyDrive/TFM/BibNumberTest/bib_number_1053.jpg,331,337,752,1499,person
/content/drive/MyDrive/TFM/BibNumberTest/bib_number_1067.jpg,292,468,602,1321,person
/content/drive/MyDrive/TFM/BibNumberTest/bib_number_1067.jpg,566,473,791,1242,person
/content/drive/MyDrive/TFM/BibNumberTest/bib_number_1069.jpg,291,358,716,1310,person
/content/drive/MyDrive/TFM/BibNumberTest/bib_number_1071.jpg,287,333,715,1379,person
/content/drive/MyDrive/TFM/BibNumberTest/bib_number_1077.jpg,144,71,336,645,person
/content/drive/MyDrive/TFM/BibNumberTest/bib_number_1077.jpg,304,129,452,594,person
/content/drive/MyDrive/TFM/BibNumberTest/bib_number_1095.jpg,218,156,562,1125,person
/content/drive/MyDrive/TFM/BibNumberTest/bib_number_1099.jpg,945,1115,2516,5183,person
/content/drive/MyDrive/TFM/BibNumberTest/bib_number_1099.jpg,2069,2860,2559,3887,person
/content/drive/MyDrive/TFM/BibNumberTest/bib_number_1102.jpg,427,253,541,585,person
/content/drive/MyDrive/TFM/BibNumberTest/bib_number_1102.jpg,527,289,596,524,person
/content/drive/MyDrive/TFM/BibNumberTest/bib_number_1111.jpg,288,293,411,510,person
/content/drive/MyDrive/TFM/BibNumberTest/bib_number_1111.jpg,628,0,898,480,person
/content/drive/MyDrive/TFM/BibNumberTest/bib_number_1116.jpg,619,149,1629,1616,person
/content/drive/MyDrive/TFM/BibNumberTest/bib_number_1116.jpg,1578,77,2188,1639,person
/content/drive/MyDrive/TFM/BibNumberTest/bib_number_1118.jpg,453,258,560,516,person
/content/drive/MyDrive/TFM/BibNumberTest/bib_number_1118.jpg,541,302,628,550,person
/content/drive/MyDrive/TFM/BibNumberTest/bib_number_1118.jpg,349,263,482,517,person
/content/drive/MyDrive/TFM/BibNumberTest/bib_number_1122.jpg,447,182,579,440,person
/content/drive/MyDrive/TFM/BibNumberTest/bib_number_1128.jpg,380,299,520,578,person
/content/drive/MyDrive/TFM/BibNumberTest/bib_number_1128.jpg,503,300,609,572,person
/content/drive/MyDrive/TFM/BibNumberTest/bib_number_1148.jpg,261,595,401,1016,person
/content/drive/MyDrive/TFM/BibNumberTest/bib_number_1156.jpg,400,342,473,580,person
/content/drive/MyDrive/TFM/BibNumberTest/bib_number_1157.jpg,277,144,392,345,person
/content/drive/MyDrive/TFM/BibNumberTest/bib_number_1165.jpg,202,403,411,873,person
/content/drive/MyDrive/TFM/BibNumberTest/bib_number_1166.jpg,161,157,295,517,person
/content/drive/MyDrive/TFM/BibNumberTest/bib_number_1166.jpg,500,161,689,572,person
/content/drive/MyDrive/TFM/BibNumberTest/bib_number_1180.jpg,101,144,282,545,person
/content/drive/MyDrive/TFM/BibNumberTest/bib_number_1180.jpg,265,142,536,535,person
/content/drive/MyDrive/TFM/BibNumberTest/bib_number_1180.jpg,627,229,678,301,person
/content/drive/MyDrive/TFM/BibNumberTest/bib_number_1180.jpg,501,183,636,532,person
/content/drive/MyDrive/TFM/BibNumberTest/bib_number_1183.jpg,258,166,513,594,person
/content/drive/MyDrive/TFM/BibNumberTest/bib_number_1183.jpg,433,157,639,558,person
/content/drive/MyDrive/TFM/BibNumberTest/bib_number_1184.jpg,1734,1134,1972,1803,person
/content/drive/MyDrive/TFM/BibNumberTest/bib_number_1188.jpg,751,308,1088,996,person
/content/drive/MyDrive/TFM/BibNumberTest/bib_number_1189.jpg,507,317,977,1077,person
/content/drive/MyDrive/TFM/BibNumberTest/bib_number_1196.jpg,2697,1196,3242,2470,person
/content/drive/MyDrive/TFM/BibNumberTest/bib_number_1196.jpg,566,203,1603,3094,person
/content/drive/MyDrive/TFM/BibNumberTest/bib_number_1196.jpg,1468,758,2150,2756,person
/content/drive/MyDrive/TFM/BibNumberTest/bib_number_1196.jpg,1949,579,2752,2666,person
/content/drive/MyDrive/TFM/BibNumberTest/bib_number_1196.jpg,2816,143,4574,3201,person
/content/drive/MyDrive/TFM/BibNumberTest/bib_number_1200.jpg,106,371,1075,3184,person
/content/drive/MyDrive/TFM/BibNumberTest/bib_number_1200.jpg,850,358,1795,3197,person
/content/drive/MyDrive/TFM/BibNumberTest/bib_number_1200.jpg,1715,576,2392,2718,person
/content/drive/MyDrive/TFM/BibNumberTest/bib_number_1200.jpg,2977,41,4777,3201,person
/content/drive/MyDrive/TFM/BibNumberTest/bib_number_1205.jpg,143,1088,623,2350,person
/content/drive/MyDrive/TFM/BibNumberTest/bib_number_1205.jpg,1110,1172,1518,2283,person
/content/drive/MyDrive/TFM/BibNumberTest/bib_number_1205.jpg,645,1122,1122,2335,person
/content/drive/MyDrive/TFM/BibNumberTest/bib_number_1205.jpg,1572,1212,2004,2302,person
/content/drive/MyDrive/TFM/BibNumberTest/bib_number_1205.jpg,2024,1223,2362,2265,person
/content/drive/MyDrive/TFM/BibNumberTest/bib_number_1205.jpg,0,1150,198,2290,person
/content/drive/MyDrive/TFM/BibNumberTest/bib_number_1206.jpg,265,1253,582,2172,person
/content/drive/MyDrive/TFM/BibNumberTest/bib_number_1206.jpg,2398,1056,2930,2254,person
/content/drive/MyDrive/TFM/BibNumberTest/bib_number_1206.jpg,2130,1286,2442,2157,person
/content/drive/MyDrive/TFM/BibNumberTest/bib_number_1206.jpg,1444,1265,1723,2166,person
/content/drive/MyDrive/TFM/BibNumberTest/bib_number_1206.jpg,1068,1261,1363,2166,person
/content/drive/MyDrive/TFM/BibNumberTest/bib_number_1206.jpg,0,1237,289,2162,person
/content/drive/MyDrive/TFM/BibNumberTest/bib_number_1206.jpg,591,1199,954,2202,person
/content/drive/MyDrive/TFM/BibNumberTest/bib_number_1212.jpg,2394,820,3236,2701,person
/content/drive/MyDrive/TFM/BibNumberTest/bib_number_1217.jpg,2164,1041,2643,2305,person
/content/drive/MyDrive/TFM/BibNumberTest/bib_number_1225.jpg,1039,217,3865,3235,person
/content/drive/MyDrive/TFM/BibNumberTest/bib_number_1225.jpg,3666,1072,4183,2219,person
/content/drive/MyDrive/TFM/BibNumberTest/bib_number_1225.jpg,165,1384,533,2536,person
/content/drive/MyDrive/TFM/BibNumberTest/bib_number_1225.jpg,486,1462,731,2310,person
/content/drive/MyDrive/TFM/BibNumberTest/bib_number_1225.jpg,3431,1183,3759,2266,person
/content/drive/MyDrive/TFM/BibNumberTest/bib_number_1225.jpg,3263,1220,3509,2168,person
/content/drive/MyDrive/TFM/BibNumberTest/bib_number_1235.jpg,2224,1049,2747,2226,person
/content/drive/MyDrive/TFM/BibNumberTest/bib_number_1235.jpg,813,1353,1047,2062,person
/content/drive/MyDrive/TFM/BibNumberTest/bib_number_1235.jpg,1359,1349,1567,2046,person
/content/drive/MyDrive/TFM/BibNumberTest/bib_number_1236.jpg,0,918,690,3225,person
/content/drive/MyDrive/TFM/BibNumberTest/bib_number_1236.jpg,2789,849,3672,3228,person
/content/drive/MyDrive/TFM/BibNumberTest/bib_number_1236.jpg,1397,990,2314,3228,person
/content/drive/MyDrive/TFM/BibNumberTest/bib_number_1236.jpg,583,804,1646,3228,person
/content/drive/MyDrive/TFM/BibNumberTest/bib_number_1236.jpg,3678,976,4728,3228,person
/content/drive/MyDrive/TFM/BibNumberTest/bib_number_1244.jpg,1868,1144,2812,2639,person
/content/drive/MyDrive/TFM/BibNumberTest/bib_number_1254.jpg,326,164,471,500,person
/content/drive/MyDrive/TFM/BibNumberTest/bib_number_1260.jpg,196,276,509,959,person
/content/drive/MyDrive/TFM/BibNumberTest/bib_number_1262.jpg,303,133,563,509,person
/content/drive/MyDrive/TFM/BibNumberTest/bib_number_1262.jpg,100,222,225,532,person
/content/drive/MyDrive/TFM/BibNumberTest/bib_number_1262.jpg,708,184,792,531,person
/content/drive/MyDrive/TFM/BibNumberTest/bib_number_1262.jpg,226,223,313,494,person
/content/drive/MyDrive/TFM/BibNumberTest/bib_number_1262.jpg,553,224,607,389,person
/content/drive/MyDrive/TFM/BibNumberTest/bib_number_1264.jpg,227,189,501,532,person
/content/drive/MyDrive/TFM/BibNumberTest/bib_number_1264.jpg,0,252,69,532,person
/content/drive/MyDrive/TFM/BibNumberTest/bib_number_1264.jpg,544,196,734,532,person
/content/drive/MyDrive/TFM/BibNumberTest/bib_number_1268.jpg,370,699,746,1561,person
/content/drive/MyDrive/TFM/BibNumberTest/bib_number_1268.jpg,115,778,310,1339,person
/content/drive/MyDrive/TFM/BibNumberTest/bib_number_1278.jpg,428,379,899,907,person
/content/drive/MyDrive/TFM/BibNumberTest/bib_number_1279.jpg,432,670,694,997,person
/content/drive/MyDrive/TFM/BibNumberTest/bib_number_1279.jpg,667,214,1290,1065,person
/content/drive/MyDrive/TFM/BibNumberTest/bib_number_1297.jpg,1429,189,1595,501,person
/content/drive/MyDrive/TFM/BibNumberTest/bib_number_1309.jpg,722,257,1140,879,person
/content/drive/MyDrive/TFM/BibNumberTest/bib_number_1309.jpg,279,231,761,852,person
/content/drive/MyDrive/TFM/BibNumberTest/bib_number_1309.jpg,1147,263,1475,715,person
/content/drive/MyDrive/TFM/BibNumberTest/bib_number_1309.jpg,4,24,432,1065,person
/content/drive/MyDrive/TFM/BibNumberTest/bib_number_1317.jpg,0,100,740,1061,person
/content/drive/MyDrive/TFM/BibNumberTest/bib_number_1317.jpg,604,15,1491,1061,person
/content/drive/MyDrive/TFM/BibNumberTest/bib_number_1318.jpg,493,153,907,991,person
/content/drive/MyDrive/TFM/BibNumberTest/bib_number_1323.jpg,706,604,894,1028,person
/content/drive/MyDrive/TFM/BibNumberTest/bib_number_1325.jpg,216,395,336,570,person
/content/drive/MyDrive/TFM/BibNumberTest/bib_number_1325.jpg,915,321,1230,873,person
/content/drive/MyDrive/TFM/BibNumberTest/bib_number_1325.jpg,615,396,915,881,person
/content/drive/MyDrive/TFM/BibNumberTest/bib_number_1325.jpg,311,410,416,553,person
/content/drive/MyDrive/TFM/BibNumberTest/bib_number_1325.jpg,29,370,203,667,person
/content/drive/MyDrive/TFM/BibNumberTest/bib_number_1327.jpg,3199,2583,3562,3138,person
/content/drive/MyDrive/TFM/BibNumberTest/bib_number_1327.jpg,4571,1819,5471,3647,person
/content/drive/MyDrive/TFM/BibNumberTest/bib_number_1327.jpg,1687,2711,1922,3163,person
/content/drive/MyDrive/TFM/BibNumberTest/bib_number_1327.jpg,2934,2603,3170,3120,person
/content/drive/MyDrive/TFM/BibNumberTest/bib_number_1327.jpg,2564,2548,2860,3139,person
/content/drive/MyDrive/TFM/BibNumberTest/bib_number_1327.jpg,1945,2663,2235,3173,person
/content/drive/MyDrive/TFM/BibNumberTest/bib_number_1327.jpg,4085,2062,4808,3600,person
/content/drive/MyDrive/TFM/BibNumberTest/bib_number_1331.jpg,914,343,1213,907,person
/content/drive/MyDrive/TFM/BibNumberTest/bib_number_1339.jpg,804,330,1599,951,person
/content/drive/MyDrive/TFM/BibNumberTest/bib_number_1339.jpg,706,585,826,867,person
/content/drive/MyDrive/TFM/BibNumberTest/bib_number_1342.jpg,757,294,933,741,person
/content/drive/MyDrive/TFM/BibNumberTest/bib_number_1344.jpg,270,617,293,680,person
/content/drive/MyDrive/TFM/BibNumberTest/bib_number_1344.jpg,336,612,362,676,person
/content/drive/MyDrive/TFM/BibNumberTest/bib_number_1347.jpg,815,536,1463,827,person
/content/drive/MyDrive/TFM/BibNumberTest/bib_number_1359.jpg,787,482,1254,1018,person
/content/drive/MyDrive/TFM/BibNumberTest/bib_number_1359.jpg,565,315,629,494,person
/content/drive/MyDrive/TFM/BibNumberTest/bib_number_1359.jpg,1093,290,1340,748,person
/content/drive/MyDrive/TFM/BibNumberTest/bib_number_1359.jpg,966,329,1041,465,person
/content/drive/MyDrive/TFM/BibNumberTest/bib_number_1359.jpg,136,284,256,630,person
/content/drive/MyDrive/TFM/BibNumberTest/bib_number_1359.jpg,245,335,342,547,person
/content/drive/MyDrive/TFM/BibNumberTest/bib_number_1359.jpg,663,360,720,491,person
/content/drive/MyDrive/TFM/BibNumberTest/bib_number_1360.jpg,768,203,1537,1065,person
/content/drive/MyDrive/TFM/BibNumberTest/bib_number_1360.jpg,217,186,1086,1065,person
/content/drive/MyDrive/TFM/BibNumberTest/bib_number_1360.jpg,1220,524,1531,1060,person
/content/drive/MyDrive/TFM/BibNumberTest/bib_number_1360.jpg,0,119,206,1044,person
/content/drive/MyDrive/TFM/BibNumberTest/bib_number_1360.jpg,173,267,377,547,person
/content/drive/MyDrive/TFM/BibNumberTest/bib_number_1367.jpg,674,537,772,704,person
/content/drive/MyDrive/TFM/BibNumberTest/bib_number_1369.jpg,306,178,743,618,person
/content/drive/MyDrive/TFM/BibNumberTest/bib_number_1377.jpg,582,480,1061,1056,person
/content/drive/MyDrive/TFM/BibNumberTest/bib_number_1381.jpg,153,402,1316,867,person
/content/drive/MyDrive/TFM/BibNumberTest/bib_number_1383.jpg,1156,370,1424,905,person
/content/drive/MyDrive/TFM/BibNumberTest/bib_number_1384.jpg,181,237,596,1065,person
/content/drive/MyDrive/TFM/BibNumberTest/bib_number_1384.jpg,499,617,1063,1055,person
/content/drive/MyDrive/TFM/BibNumberTest/bib_number_1384.jpg,0,522,389,1065,person
/content/drive/MyDrive/TFM/BibNumberTest/bib_number_1384.jpg,817,51,1477,1065,person
/content/drive/MyDrive/TFM/BibNumberTest/bib_number_1388.jpg,709,153,1439,1059,person
/content/drive/MyDrive/TFM/BibNumberTest/bib_number_1388.jpg,658,368,920,819,person
/content/drive/MyDrive/TFM/BibNumberTest/bib_number_1388.jpg,454,239,598,629,person
/content/drive/MyDrive/TFM/BibNumberTest/bib_number_1391.jpg,617,312,906,940,person
/content/drive/MyDrive/TFM/BibNumberTest/bib_number_1391.jpg,1006,395,1108,608,person
/content/drive/MyDrive/TFM/BibNumberTest/bib_number_1413.jpg,517,333,650,682,person
/content/drive/MyDrive/TFM/BibNumberTest/bib_number_1413.jpg,377,310,474,590,person
/content/drive/MyDrive/TFM/BibNumberTest/bib_number_1413.jpg,232,286,360,692,person
/content/drive/MyDrive/TFM/BibNumberTest/bib_number_1413.jpg,92,266,264,781,person
/content/drive/MyDrive/TFM/BibNumberTest/bib_number_1413.jpg,1167,337,1269,590,person
/content/drive/MyDrive/TFM/BibNumberTest/bib_number_1418.jpg,1099,1426,1951,3349,person
/content/drive/MyDrive/TFM/BibNumberTest/bib_number_1424.jpg,1691,450,2500,2454,person
/content/drive/MyDrive/TFM/BibNumberTest/bib_number_1424.jpg,1204,1270,1371,1742,person
/content/drive/MyDrive/TFM/BibNumberTest/bib_number_1427.jpg,846,260,1220,959,person
/content/drive/MyDrive/TFM/BibNumberTest/bib_number_1455.jpg,427,638,718,1391,person
/content/drive/MyDrive/TFM/BibNumberTest/bib_number_1455.jpg,250,644,387,953,person
/content/drive/MyDrive/TFM/BibNumberTest/bib_number_1455.jpg,178,616,271,816,person
/content/drive/MyDrive/TFM/BibNumberTest/bib_number_1455.jpg,140,496,176,581,person
/content/drive/MyDrive/TFM/BibNumberTest/bib_number_1457.jpg,681,381,869,878,person
/content/drive/MyDrive/TFM/BibNumberTest/bib_number_1457.jpg,115,218,238,511,person
/content/drive/MyDrive/TFM/BibNumberTest/bib_number_1457.jpg,339,233,471,423,person
/content/drive/MyDrive/TFM/BibNumberTest/bib_number_1457.jpg,901,416,1145,919,person
/content/drive/MyDrive/TFM/BibNumberTest/bib_number_1459.jpg,82,299,842,1439,person
/content/drive/MyDrive/TFM/BibNumberTest/bib_number_1459.jpg,763,202,915,542,person
/content/drive/MyDrive/TFM/BibNumberTest/bib_number_1463.jpg,381,166,515,573,person
/content/drive/MyDrive/TFM/BibNumberTest/bib_number_1463.jpg,740,182,877,574,person
/content/drive/MyDrive/TFM/BibNumberTest/bib_number_1463.jpg,45,230,273,747,person
/content/drive/MyDrive/TFM/BibNumberTest/bib_number_1463.jpg,1011,156,1284,874,person
/content/drive/MyDrive/TFM/BibNumberTest/bib_number_1463.jpg,598,198,778,660,person
/content/drive/MyDrive/TFM/BibNumberTest/bib_number_1463.jpg,934,186,1115,671,person
/content/drive/MyDrive/TFM/BibNumberTest/bib_number_1463.jpg,170,145,291,450,person
/content/drive/MyDrive/TFM/BibNumberTest/bib_number_1464.jpg,288,440,667,1439,person
/content/drive/MyDrive/TFM/BibNumberTest/bib_number_1475.jpg,181,352,634,1641,person
/content/drive/MyDrive/TFM/BibNumberTest/bib_number_1475.jpg,505,397,1185,1937,person
/content/drive/MyDrive/TFM/BibNumberTest/bib_number_1482.jpg,1148,588,1962,2440,person
/content/drive/MyDrive/TFM/BibNumberTest/bib_number_1484.jpg,1146,858,2183,3871,person
/content/drive/MyDrive/TFM/BibNumberTest/bib_number_1484.jpg,2322,1185,3339,3600,person
/content/drive/MyDrive/TFM/BibNumberTest/bib_number_1484.jpg,3104,1300,3280,1662,person
/content/drive/MyDrive/TFM/BibNumberTest/bib_number_1493.jpg,1139,1084,2247,4052,person
/content/drive/MyDrive/TFM/BibNumberTest/bib_number_1497.jpg,2859,1833,3455,3768,person
/content/drive/MyDrive/TFM/BibNumberTest/bib_number_1497.jpg,459,1356,1467,4219,person
/content/drive/MyDrive/TFM/BibNumberTest/bib_number_1497.jpg,2354,1955,2714,3022,person
/content/drive/MyDrive/TFM/BibNumberTest/bib_number_1497.jpg,1190,979,2379,4874,person
/content/drive/MyDrive/TFM/BibNumberTest/bib_number_1499.jpg,1041,905,2195,4049,person
/content/drive/MyDrive/TFM/BibNumberTest/bib_number_1500.jpg,1016,709,2303,3970,person
/content/drive/MyDrive/TFM/BibNumberTest/bib_number_1502.jpg,875,938,2100,4296,person
/content/drive/MyDrive/TFM/BibNumberTest/bib_number_1503.jpg,722,1136,1970,4396,person
/content/drive/MyDrive/TFM/BibNumberTest/bib_number_1506.jpg,1204,933,2226,3831,person
/content/drive/MyDrive/TFM/BibNumberTest/bib_number_1516.jpg,1042,441,2250,4086,person
/content/drive/MyDrive/TFM/BibNumberTest/bib_number_1530.jpg,953,755,2401,4494,person
/content/drive/MyDrive/TFM/BibNumberTest/bib_number_1539.jpg,2790,1381,3374,3089,person
/content/drive/MyDrive/TFM/BibNumberTest/bib_number_1539.jpg,1213,741,2461,3973,person
/content/drive/MyDrive/TFM/BibNumberTest/bib_number_1543.jpg,751,134,2419,4587,person
/content/drive/MyDrive/TFM/BibNumberTest/bib_number_1544.jpg,459,1609,1190,3120,person
/content/drive/MyDrive/TFM/BibNumberTest/bib_number_1544.jpg,1192,1060,2130,3803,person
/content/drive/MyDrive/TFM/BibNumberTest/bib_number_1544.jpg,62,1753,565,3034,person
/content/drive/MyDrive/TFM/BibNumberTest/bib_number_1547.jpg,1004,1131,2231,4458,person
/content/drive/MyDrive/TFM/BibNumberTest/bib_number_1554.jpg,904,467,2404,4542,person
/content/drive/MyDrive/TFM/BibNumberTest/bib_number_1560.jpg,0,1497,328,3602,person
/content/drive/MyDrive/TFM/BibNumberTest/bib_number_1560.jpg,1162,1206,2027,3657,person
/content/drive/MyDrive/TFM/BibNumberTest/bib_number_1561.jpg,929,815,2518,4846,person
/content/drive/MyDrive/TFM/BibNumberTest/bib_number_1561.jpg,56,1172,1213,4546,person
/content/drive/MyDrive/TFM/BibNumberTest/bib_number_1567.jpg,2753,1333,3455,3298,person
/content/drive/MyDrive/TFM/BibNumberTest/bib_number_1567.jpg,2158,1043,2780,3415,person
/content/drive/MyDrive/TFM/BibNumberTest/bib_number_1567.jpg,877,632,2482,4922,person
/content/drive/MyDrive/TFM/BibNumberTest/bib_number_1568.jpg,948,468,2279,4232,person
/content/drive/MyDrive/TFM/BibNumberTest/bib_number_1571.jpg,817,558,2152,4446,person
/content/drive/MyDrive/TFM/BibNumberTest/bib_number_1582.jpg,508,65,1027,1279,person
/content/drive/MyDrive/TFM/BibNumberTest/bib_number_1584.jpg,852,296,1073,992,person
/content/drive/MyDrive/TFM/BibNumberTest/bib_number_1584.jpg,953,273,1319,1235,person
/content/drive/MyDrive/TFM/BibNumberTest/bib_number_1584.jpg,1623,266,1919,1279,person
/content/drive/MyDrive/TFM/BibNumberTest/bib_number_1584.jpg,424,370,631,923,person
/content/drive/MyDrive/TFM/BibNumberTest/bib_number_1588.jpg,784,433,1174,1080,person
/content/drive/MyDrive/TFM/BibNumberTest/bib_number_1588.jpg,542,588,593,779,person
/content/drive/MyDrive/TFM/BibNumberTest/bib_number_1588.jpg,285,595,410,871,person
/content/drive/MyDrive/TFM/BibNumberTest/bib_number_1595.jpg,938,664,2356,3902,person
/content/drive/MyDrive/TFM/BibNumberTest/bib_number_1607.jpg,2180,1156,2301,1508,person
/content/drive/MyDrive/TFM/BibNumberTest/bib_number_1607.jpg,2566,1032,3030,2322,person
/content/drive/MyDrive/TFM/BibNumberTest/bib_number_1607.jpg,836,436,1924,2830,person
/content/drive/MyDrive/TFM/BibNumberTest/bib_number_1607.jpg,2353,1271,2503,1627,person
/content/drive/MyDrive/TFM/BibNumberTest/bib_number_1607.jpg,2113,1038,2176,1211,person
/content/drive/MyDrive/TFM/BibNumberTest/bib_number_1608.jpg,316,366,1186,1973,person
/content/drive/MyDrive/TFM/BibNumberTest/bib_number_1620.jpg,861,441,1167,1239,person
/content/drive/MyDrive/TFM/BibNumberTest/bib_number_1632.jpg,800,0,1474,1776,person
/content/drive/MyDrive/TFM/BibNumberTest/bib_number_1632.jpg,1782,128,2464,1853,person
/content/drive/MyDrive/TFM/BibNumberTest/bib_number_1632.jpg,432,30,907,1560,person
/content/drive/MyDrive/TFM/BibNumberTest/bib_number_1632.jpg,2659,283,2800,659,person
/content/drive/MyDrive/TFM/BibNumberTest/bib_number_1632.jpg,1625,0,2089,1470,person
/content/drive/MyDrive/TFM/BibNumberTest/bib_number_1633.jpg,2219,242,2704,1545,person
/content/drive/MyDrive/TFM/BibNumberTest/bib_number_1633.jpg,2706,497,2895,1194,person
/content/drive/MyDrive/TFM/BibNumberTest/bib_number_1633.jpg,574,162,1372,1910,person
/content/drive/MyDrive/TFM/BibNumberTest/bib_number_1633.jpg,1487,372,2087,1940,person
/content/drive/MyDrive/TFM/BibNumberTest/bib_number_1642.jpg,219,406,1144,2002,person
/content/drive/MyDrive/TFM/BibNumberTest/bib_number_1646.jpg,886,471,1136,1163,person
/content/drive/MyDrive/TFM/BibNumberTest/bib_number_1646.jpg,1716,620,1884,1033,person
/content/drive/MyDrive/TFM/BibNumberTest/bib_number_1646.jpg,1149,525,1446,1061,person
/content/drive/MyDrive/TFM/BibNumberTest/bib_number_1646.jpg,662,465,901,1151,person
/content/drive/MyDrive/TFM/BibNumberTest/bib_number_1646.jpg,1974,594,2046,1076,person
/content/drive/MyDrive/TFM/BibNumberTest/bib_number_1649.jpg,3327,1089,4235,3470,person
/content/drive/MyDrive/TFM/BibNumberTest/bib_number_1652.jpg,3078,1051,4370,3647,person
/content/drive/MyDrive/TFM/BibNumberTest/bib_number_1661.jpg,2312,1280,2983,3097,person
/content/drive/MyDrive/TFM/BibNumberTest/bib_number_1661.jpg,4022,1269,4917,3393,person
/content/drive/MyDrive/TFM/BibNumberTest/bib_number_1661.jpg,3132,1244,3957,3415,person
/content/drive/MyDrive/TFM/BibNumberTest/bib_number_1670.jpg,297,0,1918,1666,person
/content/drive/MyDrive/TFM/BibNumberTest/bib_number_1672.jpg,2222,375,2301,596,person
/content/drive/MyDrive/TFM/BibNumberTest/bib_number_1672.jpg,1241,181,1625,1437,person
/content/drive/MyDrive/TFM/BibNumberTest/bib_number_1672.jpg,1972,390,2077,633,person
/content/drive/MyDrive/TFM/BibNumberTest/bib_number_1672.jpg,1034,431,1235,946,person
/content/drive/MyDrive/TFM/BibNumberTest/bib_number_1672.jpg,732,457,923,1077,person
/content/drive/MyDrive/TFM/BibNumberTest/bib_number_1672.jpg,2078,449,2118,569,person
/content/drive/MyDrive/TFM/BibNumberTest/bib_number_1672.jpg,1741,451,1821,710,person
/content/drive/MyDrive/TFM/BibNumberTest/bib_number_1672.jpg,1850,467,1953,707,person
/content/drive/MyDrive/TFM/BibNumberTest/bib_number_1674.jpg,0,40,511,1931,person
/content/drive/MyDrive/TFM/BibNumberTest/bib_number_1674.jpg,2033,376,2434,1447,person
/content/drive/MyDrive/TFM/BibNumberTest/bib_number_1674.jpg,1522,380,1961,1577,person
/content/drive/MyDrive/TFM/BibNumberTest/bib_number_1674.jpg,2408,452,2756,1313,person
/content/drive/MyDrive/TFM/BibNumberTest/bib_number_1674.jpg,1043,232,1772,1943,person
/content/drive/MyDrive/TFM/BibNumberTest/bib_number_1689.jpg,1743,1155,2646,3504,person
/content/drive/MyDrive/TFM/BibNumberTest/bib_number_1689.jpg,3536,823,4581,3618,person
/content/drive/MyDrive/TFM/BibNumberTest/bib_number_1699.jpg,240,0,1758,1666,person
/content/drive/MyDrive/TFM/BibNumberTest/bib_number_1700.jpg,521,182,1191,1637,person
/content/drive/MyDrive/TFM/BibNumberTest/bib_number_1701.jpg,624,262,787,713,person
/content/drive/MyDrive/TFM/BibNumberTest/bib_number_1707.jpg,3292,1172,4328,3388,person
/content/drive/MyDrive/TFM/BibNumberTest/bib_number_1710.jpg,170,761,939,3193,person
/content/drive/MyDrive/TFM/BibNumberTest/bib_number_1710.jpg,2805,1532,3461,3221,person
/content/drive/MyDrive/TFM/BibNumberTest/bib_number_1710.jpg,3599,2130,4029,3188,person
/content/drive/MyDrive/TFM/BibNumberTest/bib_number_1710.jpg,2461,1954,2880,2961,person
/content/drive/MyDrive/TFM/BibNumberTest/bib_number_1710.jpg,2088,1625,2536,2920,person
/content/drive/MyDrive/TFM/BibNumberTest/bib_number_1710.jpg,3373,2235,3574,2863,person
/content/drive/MyDrive/TFM/BibNumberTest/bib_number_1715.jpg,874,1024,1562,3129,person
/content/drive/MyDrive/TFM/BibNumberTest/bib_number_1715.jpg,3267,2292,3480,2876,person
/content/drive/MyDrive/TFM/BibNumberTest/bib_number_1715.jpg,1760,1466,2429,3239,person
/content/drive/MyDrive/TFM/BibNumberTest/bib_number_1715.jpg,2809,1875,3234,3132,person
/content/drive/MyDrive/TFM/BibNumberTest/bib_number_1715.jpg,2351,1631,2867,3118,person
/content/drive/MyDrive/TFM/BibNumberTest/bib_number_1715.jpg,1419,1375,1808,3158,person
/content/drive/MyDrive/TFM/BibNumberTest/bib_number_1715.jpg,0,30,720,3262,person
/content/drive/MyDrive/TFM/BibNumberTest/bib_number_1715.jpg,3133,2320,3281,2824,person
/content/drive/MyDrive/TFM/BibNumberTest/bib_number_1724.jpg,857,477,1120,1292,person
/content/drive/MyDrive/TFM/BibNumberTest/bib_number_1724.jpg,1269,401,1702,1228,person
/content/drive/MyDrive/TFM/BibNumberTest/bib_number_1724.jpg,1722,432,1905,1002,person
/content/drive/MyDrive/TFM/BibNumberTest/bib_number_1724.jpg,1242,468,1331,748,person
/content/drive/MyDrive/TFM/BibNumberTest/bib_number_1724.jpg,2247,455,2406,667,person
/content/drive/MyDrive/TFM/BibNumberTest/bib_number_1724.jpg,401,422,572,947,person
/content/drive/MyDrive/TFM/BibNumberTest/bib_number_1724.jpg,691,436,784,684,person
/content/drive/MyDrive/TFM/BibNumberTest/bib_number_1724.jpg,1660,446,1768,853,person
/content/drive/MyDrive/TFM/BibNumberTest/bib_number_1726.jpg,555,172,1147,1598,person
/content/drive/MyDrive/TFM/BibNumberTest/bib_number_1732.jpg,645,1341,1351,2991,person
/content/drive/MyDrive/TFM/BibNumberTest/bib_number_1732.jpg,2428,1597,2927,3073,person
/content/drive/MyDrive/TFM/BibNumberTest/bib_number_1732.jpg,1788,1727,2289,2934,person
/content/drive/MyDrive/TFM/BibNumberTest/bib_number_1732.jpg,2891,2106,3113,2801,person
/content/drive/MyDrive/TFM/BibNumberTest/bib_number_1732.jpg,1116,954,1898,3305,person
/content/drive/MyDrive/TFM/BibNumberTest/bib_number_1733.jpg,3236,1037,4102,3440,person
/content/drive/MyDrive/TFM/BibNumberTest/bib_number_1733.jpg,1004,1410,1848,3173,person
/content/drive/MyDrive/TFM/BibNumberTest/bib_number_1739.jpg,562,153,1132,1526,person
/content/drive/MyDrive/TFM/BibNumberTest/bib_number_1740.jpg,544,179,1224,1636,person
/content/drive/MyDrive/TFM/BibNumberTest/bib_number_1746.jpg,453,51,1462,1666,person
/content/drive/MyDrive/TFM/BibNumberTest/bib_number_1748.jpg,439,118,994,1647,person
/content/drive/MyDrive/TFM/BibNumberTest/bib_number_1752.jpg,347,327,574,892,person
/content/drive/MyDrive/TFM/BibNumberTest/bib_number_1754.jpg,772,316,1115,1204,person
/content/drive/MyDrive/TFM/BibNumberTest/bib_number_1756.jpg,1191,419,2817,2050,person
/content/drive/MyDrive/TFM/BibNumberTest/bib_number_1756.jpg,2066,521,2433,1115,person
/content/drive/MyDrive/TFM/BibNumberTest/bib_number_1756.jpg,2524,530,2993,2038,person
/content/drive/MyDrive/TFM/BibNumberTest/bib_number_1758.jpg,500,121,875,1066,person
/content/drive/MyDrive/TFM/BibNumberTest/bib_number_1760.jpg,485,71,849,1033,person
/content/drive/MyDrive/TFM/BibNumberTest/bib_number_1760.jpg,469,752,517,911,person
/content/drive/MyDrive/TFM/BibNumberTest/bib_number_1761.jpg,583,124,916,1035,person
/content/drive/MyDrive/TFM/BibNumberTest/bib_number_1761.jpg,443,225,672,1028,person
/content/drive/MyDrive/TFM/BibNumberTest/bib_number_1768.jpg,569,942,1001,2153,person
/content/drive/MyDrive/TFM/BibNumberTest/bib_number_1768.jpg,950,486,1684,2153,person
/content/drive/MyDrive/TFM/BibNumberTest/bib_number_1779.jpg,384,134,552,595,person
/content/drive/MyDrive/TFM/BibNumberTest/bib_number_1784.jpg,1332,351,1612,1158,person
/content/drive/MyDrive/TFM/BibNumberTest/bib_number_1784.jpg,1194,457,1283,605,person
/content/drive/MyDrive/TFM/BibNumberTest/bib_number_1787.jpg,205,255,520,1025,person
/content/drive/MyDrive/TFM/BibNumberTest/bib_number_1787.jpg,501,62,951,1066,person
/content/drive/MyDrive/TFM/BibNumberTest/bib_number_1797.jpg,588,48,768,392,person
/content/drive/MyDrive/TFM/BibNumberTest/bib_number_1797.jpg,918,60,1022,597,person
/content/drive/MyDrive/TFM/BibNumberTest/bib_number_1797.jpg,341,150,670,661,person
/content/drive/MyDrive/TFM/BibNumberTest/bib_number_1809.jpg,317,33,711,1061,person
/content/drive/MyDrive/TFM/BibNumberTest/bib_number_1810.jpg,371,69,844,1066,person
/content/drive/MyDrive/TFM/BibNumberTest/bib_number_1810.jpg,743,235,955,1066,person
/content/drive/MyDrive/TFM/BibNumberTest/bib_number_1823.jpg,329,294,698,1373,person
/content/drive/MyDrive/TFM/BibNumberTest/bib_number_1827.jpg,304,260,695,1404,person
/content/drive/MyDrive/TFM/BibNumberTest/bib_number_1831.jpg,1006,356,1345,1017,person
/content/drive/MyDrive/TFM/BibNumberTest/bib_number_1831.jpg,239,292,876,1464,person
/content/drive/MyDrive/TFM/BibNumberTest/bib_number_1845.jpg,292,468,602,1321,person
/content/drive/MyDrive/TFM/BibNumberTest/bib_number_1845.jpg,566,473,791,1242,person
/content/drive/MyDrive/TFM/BibNumberTest/bib_number_1848.jpg,2599,273,3660,2847,person
/content/drive/MyDrive/TFM/BibNumberTest/bib_number_1848.jpg,1645,579,2496,2755,person
/content/drive/MyDrive/TFM/BibNumberTest/bib_number_1848.jpg,1377,582,1898,2200,person
/content/drive/MyDrive/TFM/BibNumberTest/bib_number_1848.jpg,680,358,1439,2680,person
/content/drive/MyDrive/TFM/BibNumberTest/bib_number_1852.jpg,523,161,936,910,person
/content/drive/MyDrive/TFM/BibNumberTest/bib_number_1855.jpg,1995,1695,2326,2719,person
/content/drive/MyDrive/TFM/BibNumberTest/bib_number_1855.jpg,851,938,1686,3490,person
/content/drive/MyDrive/TFM/BibNumberTest/bib_number_1858.jpg,301,541,1135,2593,person
/content/drive/MyDrive/TFM/BibNumberTest/bib_number_1858.jpg,1868,553,2711,2588,person
/content/drive/MyDrive/TFM/BibNumberTest/bib_number_1858.jpg,2830,442,3648,2508,person
/content/drive/MyDrive/TFM/BibNumberTest/bib_number_1858.jpg,2534,645,2794,1231,person
/content/drive/MyDrive/TFM/BibNumberTest/bib_number_1858.jpg,3358,575,3745,1931,person
/content/drive/MyDrive/TFM/BibNumberTest/bib_number_1866.jpg,287,333,715,1379,person
/content/drive/MyDrive/TFM/BibNumberTest/bib_number_1870.jpg,576,115,930,999,person
/content/drive/MyDrive/TFM/BibNumberTest/bib_number_1870.jpg,105,423,343,958,person
/content/drive/MyDrive/TFM/BibNumberTest/bib_number_1870.jpg,1066,357,1200,743,person
/content/drive/MyDrive/TFM/BibNumberTest/bib_number_1870.jpg,850,153,1124,923,person
/content/drive/MyDrive/TFM/BibNumberTest/bib_number_1879.jpg,565,71,894,902,person
/content/drive/MyDrive/TFM/BibNumberTest/bib_number_1879.jpg,1073,217,1195,651,person
/content/drive/MyDrive/TFM/BibNumberTest/bib_number_1879.jpg,916,140,1123,756,person
/content/drive/MyDrive/TFM/BibNumberTest/bib_number_1890.jpg,853,1717,1613,3754,person
/content/drive/MyDrive/TFM/BibNumberTest/bib_number_1890.jpg,588,1619,1011,2988,person
/content/drive/MyDrive/TFM/BibNumberTest/bib_number_1890.jpg,1122,1132,1390,1808,person
/content/drive/MyDrive/TFM/BibNumberTest/bib_number_1894.jpg,635,131,931,946,person
/content/drive/MyDrive/TFM/BibNumberTest/bib_number_1899.jpg,470,116,858,956,person
/content/drive/MyDrive/TFM/BibNumberTest/bib_number_1899.jpg,414,325,653,895,person
/content/drive/MyDrive/TFM/BibNumberTest/bib_number_1902.jpg,221,341,670,1323,person
/content/drive/MyDrive/TFM/BibNumberTest/bib_number_1902.jpg,517,139,801,1181,person
/content/drive/MyDrive/TFM/BibNumberTest/bib_number_1913.jpg,807,1017,1621,3083,person
/content/drive/MyDrive/TFM/BibNumberTest/bib_number_1916.jpg,807,757,1712,3089,person
/content/drive/MyDrive/TFM/BibNumberTest/bib_number_1919.png,855,228,990,434,person
/content/drive/MyDrive/TFM/BibNumberTest/bib_number_1921.png,374,50,627,593,person
/content/drive/MyDrive/TFM/BibNumberTest/bib_number_1921.png,626,132,773,578,person
/content/drive/MyDrive/TFM/BibNumberTest/bib_number_1921.png,296,171,433,579,person
/content/drive/MyDrive/TFM/BibNumberTest/bib_number_1921.png,550,212,656,586,person
/content/drive/MyDrive/TFM/BibNumberTest/bib_number_1923.png,276,40,739,666,person
